,param_max_depth,param_min_child_weight,split,accuracy,dataset
0,1,1,0,0.832807570977918,H41
1,1,1,1,0.8517350157728707,H41
2,1,1,2,0.8386075949367089,H41
3,1,1,3,0.8449367088607594,H41
4,1,1,4,0.8449367088607594,H41
5,1,2,0,0.832807570977918,H41
6,1,2,1,0.8517350157728707,H41
7,1,2,2,0.8386075949367089,H41
8,1,2,3,0.8449367088607594,H41
9,1,2,4,0.8449367088607594,H41
10,1,3,0,0.832807570977918,H41
11,1,3,1,0.8517350157728707,H41
12,1,3,2,0.8386075949367089,H41
13,1,3,3,0.8449367088607594,H41
14,1,3,4,0.8449367088607594,H41
15,1,4,0,0.832807570977918,H41
16,1,4,1,0.8517350157728707,H41
17,1,4,2,0.8386075949367089,H41
18,1,4,3,0.8449367088607594,H41
19,1,4,4,0.8449367088607594,H41
20,1,5,0,0.832807570977918,H41
21,1,5,1,0.8517350157728707,H41
22,1,5,2,0.8386075949367089,H41
23,1,5,3,0.8449367088607594,H41
24,1,5,4,0.8449367088607594,H41
25,2,1,0,0.9022082018927445,H41
26,2,1,1,0.9053627760252366,H41
27,2,1,2,0.8924050632911392,H41
28,2,1,3,0.8955696202531646,H41
29,2,1,4,0.8670886075949367,H41
30,2,2,0,0.9022082018927445,H41
31,2,2,1,0.9053627760252366,H41
32,2,2,2,0.8924050632911392,H41
33,2,2,3,0.8987341772151899,H41
34,2,2,4,0.8670886075949367,H41
35,2,3,0,0.9022082018927445,H41
36,2,3,1,0.9053627760252366,H41
37,2,3,2,0.8924050632911392,H41
38,2,3,3,0.8924050632911392,H41
39,2,3,4,0.8670886075949367,H41
40,2,4,0,0.9022082018927445,H41
41,2,4,1,0.9022082018927445,H41
42,2,4,2,0.8924050632911392,H41
43,2,4,3,0.8892405063291139,H41
44,2,4,4,0.8670886075949367,H41
45,2,5,0,0.9022082018927445,H41
46,2,5,1,0.9022082018927445,H41
47,2,5,2,0.8860759493670886,H41
48,2,5,3,0.8892405063291139,H41
49,2,5,4,0.8670886075949367,H41
50,3,1,0,0.9022082018927445,H41
51,3,1,1,0.9053627760252366,H41
52,3,1,2,0.8924050632911392,H41
53,3,1,3,0.8987341772151899,H41
54,3,1,4,0.8670886075949367,H41
55,3,2,0,0.9022082018927445,H41
56,3,2,1,0.9053627760252366,H41
57,3,2,2,0.8924050632911392,H41
58,3,2,3,0.8987341772151899,H41
59,3,2,4,0.8670886075949367,H41
60,3,3,0,0.9022082018927445,H41
61,3,3,1,0.9053627760252366,H41
62,3,3,2,0.8924050632911392,H41
63,3,3,3,0.8955696202531646,H41
64,3,3,4,0.8670886075949367,H41
65,3,4,0,0.9022082018927445,H41
66,3,4,1,0.9022082018927445,H41
67,3,4,2,0.8892405063291139,H41
68,3,4,3,0.8924050632911392,H41
69,3,4,4,0.8670886075949367,H41
70,3,5,0,0.8958990536277602,H41
71,3,5,1,0.9022082018927445,H41
72,3,5,2,0.8860759493670886,H41
73,3,5,3,0.8892405063291139,H41
74,3,5,4,0.8670886075949367,H41
75,4,1,0,0.9022082018927445,H41
76,4,1,1,0.9085173501577287,H41
77,4,1,2,0.8924050632911392,H41
78,4,1,3,0.8987341772151899,H41
79,4,1,4,0.8670886075949367,H41
80,4,2,0,0.9022082018927445,H41
81,4,2,1,0.9053627760252366,H41
82,4,2,2,0.8924050632911392,H41
83,4,2,3,0.8987341772151899,H41
84,4,2,4,0.8670886075949367,H41
85,4,3,0,0.9022082018927445,H41
86,4,3,1,0.9053627760252366,H41
87,4,3,2,0.8924050632911392,H41
88,4,3,3,0.8860759493670886,H41
89,4,3,4,0.8670886075949367,H41
90,4,4,0,0.8990536277602523,H41
91,4,4,1,0.8990536277602523,H41
92,4,4,2,0.8892405063291139,H41
93,4,4,3,0.8829113924050633,H41
94,4,4,4,0.8670886075949367,H41
95,4,5,0,0.8958990536277602,H41
96,4,5,1,0.8927444794952681,H41
97,4,5,2,0.8829113924050633,H41
98,4,5,3,0.8829113924050633,H41
99,4,5,4,0.8670886075949367,H41
100,5,1,0,0.9022082018927445,H41
101,5,1,1,0.9085173501577287,H41
102,5,1,2,0.8924050632911392,H41
103,5,1,3,0.9050632911392406,H41
104,5,1,4,0.8670886075949367,H41
105,5,2,0,0.9022082018927445,H41
106,5,2,1,0.9022082018927445,H41
107,5,2,2,0.8924050632911392,H41
108,5,2,3,0.8955696202531646,H41
109,5,2,4,0.8670886075949367,H41
110,5,3,0,0.8990536277602523,H41
111,5,3,1,0.8990536277602523,H41
112,5,3,2,0.8924050632911392,H41
113,5,3,3,0.8860759493670886,H41
114,5,3,4,0.8670886075949367,H41
115,5,4,0,0.8990536277602523,H41
116,5,4,1,0.8990536277602523,H41
117,5,4,2,0.8892405063291139,H41
118,5,4,3,0.8892405063291139,H41
119,5,4,4,0.8670886075949367,H41
120,5,5,0,0.889589905362776,H41
121,5,5,1,0.8927444794952681,H41
122,5,5,2,0.8860759493670886,H41
123,5,5,3,0.879746835443038,H41
124,5,5,4,0.8670886075949367,H41
125,6,1,0,0.8990536277602523,H41
126,6,1,1,0.9053627760252366,H41
127,6,1,2,0.8924050632911392,H41
128,6,1,3,0.8892405063291139,H41
129,6,1,4,0.8670886075949367,H41
130,6,2,0,0.8990536277602523,H41
131,6,2,1,0.9022082018927445,H41
132,6,2,2,0.8924050632911392,H41
133,6,2,3,0.8924050632911392,H41
134,6,2,4,0.8670886075949367,H41
135,6,3,0,0.8990536277602523,H41
136,6,3,1,0.9022082018927445,H41
137,6,3,2,0.8892405063291139,H41
138,6,3,3,0.8860759493670886,H41
139,6,3,4,0.8670886075949367,H41
140,6,4,0,0.886435331230284,H41
141,6,4,1,0.889589905362776,H41
142,6,4,2,0.879746835443038,H41
143,6,4,3,0.8860759493670886,H41
144,6,4,4,0.870253164556962,H41
145,6,5,0,0.886435331230284,H41
146,6,5,1,0.8832807570977917,H41
147,6,5,2,0.8860759493670886,H41
148,6,5,3,0.879746835443038,H41
149,6,5,4,0.8670886075949367,H41
150,7,1,0,0.9022082018927445,H41
151,7,1,1,0.9053627760252366,H41
152,7,1,2,0.8892405063291139,H41
153,7,1,3,0.8924050632911392,H41
154,7,1,4,0.8670886075949367,H41
155,7,2,0,0.8990536277602523,H41
156,7,2,1,0.9053627760252366,H41
157,7,2,2,0.8924050632911392,H41
158,7,2,3,0.8924050632911392,H41
159,7,2,4,0.8670886075949367,H41
160,7,3,0,0.8958990536277602,H41
161,7,3,1,0.8990536277602523,H41
162,7,3,2,0.8829113924050633,H41
163,7,3,3,0.8829113924050633,H41
164,7,3,4,0.8670886075949367,H41
165,7,4,0,0.8927444794952681,H41
166,7,4,1,0.8990536277602523,H41
167,7,4,2,0.8860759493670886,H41
168,7,4,3,0.879746835443038,H41
169,7,4,4,0.8670886075949367,H41
170,7,5,0,0.889589905362776,H41
171,7,5,1,0.8832807570977917,H41
172,7,5,2,0.8765822784810127,H41
173,7,5,3,0.879746835443038,H41
174,7,5,4,0.8670886075949367,H41
175,8,1,0,0.8990536277602523,H41
176,8,1,1,0.9053627760252366,H41
177,8,1,2,0.8892405063291139,H41
178,8,1,3,0.8955696202531646,H41
179,8,1,4,0.8670886075949367,H41
180,8,2,0,0.8958990536277602,H41
181,8,2,1,0.8990536277602523,H41
182,8,2,2,0.8892405063291139,H41
183,8,2,3,0.8892405063291139,H41
184,8,2,4,0.8670886075949367,H41
185,8,3,0,0.8958990536277602,H41
186,8,3,1,0.8927444794952681,H41
187,8,3,2,0.8860759493670886,H41
188,8,3,3,0.8829113924050633,H41
189,8,3,4,0.8670886075949367,H41
190,8,4,0,0.8990536277602523,H41
191,8,4,1,0.8958990536277602,H41
192,8,4,2,0.8765822784810127,H41
193,8,4,3,0.8765822784810127,H41
194,8,4,4,0.8639240506329114,H41
195,8,5,0,0.886435331230284,H41
196,8,5,1,0.8927444794952681,H41
197,8,5,2,0.8734177215189873,H41
198,8,5,3,0.8734177215189873,H41
199,8,5,4,0.8639240506329114,H41
200,9,1,0,0.8990536277602523,H41
201,9,1,1,0.9053627760252366,H41
202,9,1,2,0.8924050632911392,H41
203,9,1,3,0.8924050632911392,H41
204,9,1,4,0.8670886075949367,H41
205,9,2,0,0.8990536277602523,H41
206,9,2,1,0.9022082018927445,H41
207,9,2,2,0.8924050632911392,H41
208,9,2,3,0.8860759493670886,H41
209,9,2,4,0.8670886075949367,H41
210,9,3,0,0.8958990536277602,H41
211,9,3,1,0.8958990536277602,H41
212,9,3,2,0.8829113924050633,H41
213,9,3,3,0.8892405063291139,H41
214,9,3,4,0.870253164556962,H41
215,9,4,0,0.8927444794952681,H41
216,9,4,1,0.8927444794952681,H41
217,9,4,2,0.879746835443038,H41
218,9,4,3,0.879746835443038,H41
219,9,4,4,0.8670886075949367,H41
220,9,5,0,0.886435331230284,H41
221,9,5,1,0.889589905362776,H41
222,9,5,2,0.8734177215189873,H41
223,9,5,3,0.8734177215189873,H41
224,9,5,4,0.8639240506329114,H41
225,1,1,0,0.5444444444444444,left_240x20
226,1,1,1,0.6166666666666667,left_240x20
227,1,1,2,0.6055555555555555,left_240x20
228,1,1,3,0.5166666666666667,left_240x20
229,1,1,4,0.5666666666666667,left_240x20
230,1,2,0,0.5444444444444444,left_240x20
231,1,2,1,0.6166666666666667,left_240x20
232,1,2,2,0.6055555555555555,left_240x20
233,1,2,3,0.5166666666666667,left_240x20
234,1,2,4,0.5666666666666667,left_240x20
235,1,3,0,0.5444444444444444,left_240x20
236,1,3,1,0.6166666666666667,left_240x20
237,1,3,2,0.6055555555555555,left_240x20
238,1,3,3,0.5166666666666667,left_240x20
239,1,3,4,0.5666666666666667,left_240x20
240,1,4,0,0.5444444444444444,left_240x20
241,1,4,1,0.6166666666666667,left_240x20
242,1,4,2,0.6055555555555555,left_240x20
243,1,4,3,0.5166666666666667,left_240x20
244,1,4,4,0.5666666666666667,left_240x20
245,1,5,0,0.5444444444444444,left_240x20
246,1,5,1,0.6166666666666667,left_240x20
247,1,5,2,0.6055555555555555,left_240x20
248,1,5,3,0.5166666666666667,left_240x20
249,1,5,4,0.5666666666666667,left_240x20
250,2,1,0,0.5611111111111111,left_240x20
251,2,1,1,0.6277777777777778,left_240x20
252,2,1,2,0.6222222222222222,left_240x20
253,2,1,3,0.5555555555555556,left_240x20
254,2,1,4,0.6222222222222222,left_240x20
255,2,2,0,0.5722222222222222,left_240x20
256,2,2,1,0.6222222222222222,left_240x20
257,2,2,2,0.6055555555555555,left_240x20
258,2,2,3,0.5555555555555556,left_240x20
259,2,2,4,0.65,left_240x20
260,2,3,0,0.5722222222222222,left_240x20
261,2,3,1,0.6444444444444445,left_240x20
262,2,3,2,0.6111111111111112,left_240x20
263,2,3,3,0.5333333333333333,left_240x20
264,2,3,4,0.6277777777777778,left_240x20
265,2,4,0,0.5722222222222222,left_240x20
266,2,4,1,0.6333333333333333,left_240x20
267,2,4,2,0.6166666666666667,left_240x20
268,2,4,3,0.55,left_240x20
269,2,4,4,0.6055555555555555,left_240x20
270,2,5,0,0.6166666666666667,left_240x20
271,2,5,1,0.6388888888888888,left_240x20
272,2,5,2,0.6166666666666667,left_240x20
273,2,5,3,0.5444444444444444,left_240x20
274,2,5,4,0.6277777777777778,left_240x20
275,3,1,0,0.6,left_240x20
276,3,1,1,0.6333333333333333,left_240x20
277,3,1,2,0.6055555555555555,left_240x20
278,3,1,3,0.6055555555555555,left_240x20
279,3,1,4,0.6166666666666667,left_240x20
280,3,2,0,0.5555555555555556,left_240x20
281,3,2,1,0.6111111111111112,left_240x20
282,3,2,2,0.6055555555555555,left_240x20
283,3,2,3,0.6166666666666667,left_240x20
284,3,2,4,0.6111111111111112,left_240x20
285,3,3,0,0.5833333333333334,left_240x20
286,3,3,1,0.6444444444444445,left_240x20
287,3,3,2,0.5944444444444444,left_240x20
288,3,3,3,0.6166666666666667,left_240x20
289,3,3,4,0.65,left_240x20
290,3,4,0,0.5833333333333334,left_240x20
291,3,4,1,0.6333333333333333,left_240x20
292,3,4,2,0.5888888888888889,left_240x20
293,3,4,3,0.6055555555555555,left_240x20
294,3,4,4,0.6222222222222222,left_240x20
295,3,5,0,0.5888888888888889,left_240x20
296,3,5,1,0.6277777777777778,left_240x20
297,3,5,2,0.6166666666666667,left_240x20
298,3,5,3,0.6222222222222222,left_240x20
299,3,5,4,0.6166666666666667,left_240x20
300,4,1,0,0.5944444444444444,left_240x20
301,4,1,1,0.6388888888888888,left_240x20
302,4,1,2,0.6111111111111112,left_240x20
303,4,1,3,0.6055555555555555,left_240x20
304,4,1,4,0.6,left_240x20
305,4,2,0,0.5611111111111111,left_240x20
306,4,2,1,0.6333333333333333,left_240x20
307,4,2,2,0.5833333333333334,left_240x20
308,4,2,3,0.5888888888888889,left_240x20
309,4,2,4,0.6277777777777778,left_240x20
310,4,3,0,0.5777777777777777,left_240x20
311,4,3,1,0.6,left_240x20
312,4,3,2,0.6,left_240x20
313,4,3,3,0.6166666666666667,left_240x20
314,4,3,4,0.6055555555555555,left_240x20
315,4,4,0,0.5833333333333334,left_240x20
316,4,4,1,0.6111111111111112,left_240x20
317,4,4,2,0.6277777777777778,left_240x20
318,4,4,3,0.6,left_240x20
319,4,4,4,0.6277777777777778,left_240x20
320,4,5,0,0.5944444444444444,left_240x20
321,4,5,1,0.6222222222222222,left_240x20
322,4,5,2,0.6166666666666667,left_240x20
323,4,5,3,0.6111111111111112,left_240x20
324,4,5,4,0.5833333333333334,left_240x20
325,5,1,0,0.6,left_240x20
326,5,1,1,0.6388888888888888,left_240x20
327,5,1,2,0.6222222222222222,left_240x20
328,5,1,3,0.6166666666666667,left_240x20
329,5,1,4,0.65,left_240x20
330,5,2,0,0.6166666666666667,left_240x20
331,5,2,1,0.6333333333333333,left_240x20
332,5,2,2,0.5666666666666667,left_240x20
333,5,2,3,0.6055555555555555,left_240x20
334,5,2,4,0.6166666666666667,left_240x20
335,5,3,0,0.6055555555555555,left_240x20
336,5,3,1,0.6388888888888888,left_240x20
337,5,3,2,0.6222222222222222,left_240x20
338,5,3,3,0.5722222222222222,left_240x20
339,5,3,4,0.65,left_240x20
340,5,4,0,0.5444444444444444,left_240x20
341,5,4,1,0.65,left_240x20
342,5,4,2,0.5722222222222222,left_240x20
343,5,4,3,0.5944444444444444,left_240x20
344,5,4,4,0.6277777777777778,left_240x20
345,5,5,0,0.5722222222222222,left_240x20
346,5,5,1,0.65,left_240x20
347,5,5,2,0.6055555555555555,left_240x20
348,5,5,3,0.6166666666666667,left_240x20
349,5,5,4,0.6444444444444445,left_240x20
350,6,1,0,0.5388888888888889,left_240x20
351,6,1,1,0.6444444444444445,left_240x20
352,6,1,2,0.5944444444444444,left_240x20
353,6,1,3,0.6277777777777778,left_240x20
354,6,1,4,0.5944444444444444,left_240x20
355,6,2,0,0.5555555555555556,left_240x20
356,6,2,1,0.6611111111111111,left_240x20
357,6,2,2,0.6166666666666667,left_240x20
358,6,2,3,0.6388888888888888,left_240x20
359,6,2,4,0.6388888888888888,left_240x20
360,6,3,0,0.5833333333333334,left_240x20
361,6,3,1,0.6333333333333333,left_240x20
362,6,3,2,0.6222222222222222,left_240x20
363,6,3,3,0.6388888888888888,left_240x20
364,6,3,4,0.6,left_240x20
365,6,4,0,0.5611111111111111,left_240x20
366,6,4,1,0.6722222222222223,left_240x20
367,6,4,2,0.6,left_240x20
368,6,4,3,0.6,left_240x20
369,6,4,4,0.6111111111111112,left_240x20
370,6,5,0,0.6,left_240x20
371,6,5,1,0.6666666666666666,left_240x20
372,6,5,2,0.65,left_240x20
373,6,5,3,0.6055555555555555,left_240x20
374,6,5,4,0.6166666666666667,left_240x20
375,7,1,0,0.5888888888888889,left_240x20
376,7,1,1,0.6111111111111112,left_240x20
377,7,1,2,0.6166666666666667,left_240x20
378,7,1,3,0.6166666666666667,left_240x20
379,7,1,4,0.6055555555555555,left_240x20
380,7,2,0,0.5888888888888889,left_240x20
381,7,2,1,0.6222222222222222,left_240x20
382,7,2,2,0.5888888888888889,left_240x20
383,7,2,3,0.6166666666666667,left_240x20
384,7,2,4,0.6555555555555556,left_240x20
385,7,3,0,0.5777777777777777,left_240x20
386,7,3,1,0.6555555555555556,left_240x20
387,7,3,2,0.6333333333333333,left_240x20
388,7,3,3,0.6166666666666667,left_240x20
389,7,3,4,0.6055555555555555,left_240x20
390,7,4,0,0.6166666666666667,left_240x20
391,7,4,1,0.6222222222222222,left_240x20
392,7,4,2,0.5888888888888889,left_240x20
393,7,4,3,0.6611111111111111,left_240x20
394,7,4,4,0.6333333333333333,left_240x20
395,7,5,0,0.5833333333333334,left_240x20
396,7,5,1,0.6444444444444445,left_240x20
397,7,5,2,0.6388888888888888,left_240x20
398,7,5,3,0.6166666666666667,left_240x20
399,7,5,4,0.6333333333333333,left_240x20
400,8,1,0,0.5388888888888889,left_240x20
401,8,1,1,0.6333333333333333,left_240x20
402,8,1,2,0.6555555555555556,left_240x20
403,8,1,3,0.6,left_240x20
404,8,1,4,0.5888888888888889,left_240x20
405,8,2,0,0.6055555555555555,left_240x20
406,8,2,1,0.6444444444444445,left_240x20
407,8,2,2,0.5388888888888889,left_240x20
408,8,2,3,0.6111111111111112,left_240x20
409,8,2,4,0.6277777777777778,left_240x20
410,8,3,0,0.5777777777777777,left_240x20
411,8,3,1,0.6944444444444444,left_240x20
412,8,3,2,0.6277777777777778,left_240x20
413,8,3,3,0.6,left_240x20
414,8,3,4,0.5888888888888889,left_240x20
415,8,4,0,0.5388888888888889,left_240x20
416,8,4,1,0.65,left_240x20
417,8,4,2,0.6166666666666667,left_240x20
418,8,4,3,0.5833333333333334,left_240x20
419,8,4,4,0.6277777777777778,left_240x20
420,8,5,0,0.5833333333333334,left_240x20
421,8,5,1,0.6277777777777778,left_240x20
422,8,5,2,0.6222222222222222,left_240x20
423,8,5,3,0.6277777777777778,left_240x20
424,8,5,4,0.6055555555555555,left_240x20
425,9,1,0,0.5611111111111111,left_240x20
426,9,1,1,0.6555555555555556,left_240x20
427,9,1,2,0.5944444444444444,left_240x20
428,9,1,3,0.5944444444444444,left_240x20
429,9,1,4,0.5777777777777777,left_240x20
430,9,2,0,0.5666666666666667,left_240x20
431,9,2,1,0.65,left_240x20
432,9,2,2,0.5833333333333334,left_240x20
433,9,2,3,0.5944444444444444,left_240x20
434,9,2,4,0.6277777777777778,left_240x20
435,9,3,0,0.5444444444444444,left_240x20
436,9,3,1,0.7166666666666667,left_240x20
437,9,3,2,0.6055555555555555,left_240x20
438,9,3,3,0.6222222222222222,left_240x20
439,9,3,4,0.65,left_240x20
440,9,4,0,0.5333333333333333,left_240x20
441,9,4,1,0.6888888888888889,left_240x20
442,9,4,2,0.6111111111111112,left_240x20
443,9,4,3,0.6166666666666667,left_240x20
444,9,4,4,0.6111111111111112,left_240x20
445,9,5,0,0.6,left_240x20
446,9,5,1,0.6277777777777778,left_240x20
447,9,5,2,0.6111111111111112,left_240x20
448,9,5,3,0.6055555555555555,left_240x20
449,9,5,4,0.6055555555555555,left_240x20
450,1,1,0,0.5666666666666667,left_240x20_fixed
451,1,1,1,0.65,left_240x20_fixed
452,1,1,2,0.6277777777777778,left_240x20_fixed
453,1,1,3,0.5833333333333334,left_240x20_fixed
454,1,1,4,0.6666666666666666,left_240x20_fixed
455,1,2,0,0.5666666666666667,left_240x20_fixed
456,1,2,1,0.65,left_240x20_fixed
457,1,2,2,0.6277777777777778,left_240x20_fixed
458,1,2,3,0.5833333333333334,left_240x20_fixed
459,1,2,4,0.6666666666666666,left_240x20_fixed
460,1,3,0,0.5666666666666667,left_240x20_fixed
461,1,3,1,0.65,left_240x20_fixed
462,1,3,2,0.6277777777777778,left_240x20_fixed
463,1,3,3,0.5833333333333334,left_240x20_fixed
464,1,3,4,0.6666666666666666,left_240x20_fixed
465,1,4,0,0.5666666666666667,left_240x20_fixed
466,1,4,1,0.65,left_240x20_fixed
467,1,4,2,0.6277777777777778,left_240x20_fixed
468,1,4,3,0.5833333333333334,left_240x20_fixed
469,1,4,4,0.6666666666666666,left_240x20_fixed
470,1,5,0,0.5666666666666667,left_240x20_fixed
471,1,5,1,0.65,left_240x20_fixed
472,1,5,2,0.6277777777777778,left_240x20_fixed
473,1,5,3,0.5833333333333334,left_240x20_fixed
474,1,5,4,0.6666666666666666,left_240x20_fixed
475,2,1,0,0.5888888888888889,left_240x20_fixed
476,2,1,1,0.6166666666666667,left_240x20_fixed
477,2,1,2,0.6555555555555556,left_240x20_fixed
478,2,1,3,0.5944444444444444,left_240x20_fixed
479,2,1,4,0.6555555555555556,left_240x20_fixed
480,2,2,0,0.6,left_240x20_fixed
481,2,2,1,0.6388888888888888,left_240x20_fixed
482,2,2,2,0.6333333333333333,left_240x20_fixed
483,2,2,3,0.5944444444444444,left_240x20_fixed
484,2,2,4,0.6666666666666666,left_240x20_fixed
485,2,3,0,0.5944444444444444,left_240x20_fixed
486,2,3,1,0.6166666666666667,left_240x20_fixed
487,2,3,2,0.6611111111111111,left_240x20_fixed
488,2,3,3,0.5888888888888889,left_240x20_fixed
489,2,3,4,0.6777777777777778,left_240x20_fixed
490,2,4,0,0.5944444444444444,left_240x20_fixed
491,2,4,1,0.6111111111111112,left_240x20_fixed
492,2,4,2,0.6611111111111111,left_240x20_fixed
493,2,4,3,0.5888888888888889,left_240x20_fixed
494,2,4,4,0.6833333333333333,left_240x20_fixed
495,2,5,0,0.6111111111111112,left_240x20_fixed
496,2,5,1,0.6333333333333333,left_240x20_fixed
497,2,5,2,0.6722222222222223,left_240x20_fixed
498,2,5,3,0.5888888888888889,left_240x20_fixed
499,2,5,4,0.6555555555555556,left_240x20_fixed
500,3,1,0,0.5944444444444444,left_240x20_fixed
501,3,1,1,0.6277777777777778,left_240x20_fixed
502,3,1,2,0.6555555555555556,left_240x20_fixed
503,3,1,3,0.5888888888888889,left_240x20_fixed
504,3,1,4,0.65,left_240x20_fixed
505,3,2,0,0.6,left_240x20_fixed
506,3,2,1,0.6111111111111112,left_240x20_fixed
507,3,2,2,0.6333333333333333,left_240x20_fixed
508,3,2,3,0.5944444444444444,left_240x20_fixed
509,3,2,4,0.6611111111111111,left_240x20_fixed
510,3,3,0,0.6166666666666667,left_240x20_fixed
511,3,3,1,0.6277777777777778,left_240x20_fixed
512,3,3,2,0.6555555555555556,left_240x20_fixed
513,3,3,3,0.6055555555555555,left_240x20_fixed
514,3,3,4,0.6888888888888889,left_240x20_fixed
515,3,4,0,0.6,left_240x20_fixed
516,3,4,1,0.6388888888888888,left_240x20_fixed
517,3,4,2,0.6333333333333333,left_240x20_fixed
518,3,4,3,0.5944444444444444,left_240x20_fixed
519,3,4,4,0.6222222222222222,left_240x20_fixed
520,3,5,0,0.6166666666666667,left_240x20_fixed
521,3,5,1,0.6388888888888888,left_240x20_fixed
522,3,5,2,0.6333333333333333,left_240x20_fixed
523,3,5,3,0.5888888888888889,left_240x20_fixed
524,3,5,4,0.6777777777777778,left_240x20_fixed
525,4,1,0,0.6111111111111112,left_240x20_fixed
526,4,1,1,0.6333333333333333,left_240x20_fixed
527,4,1,2,0.6277777777777778,left_240x20_fixed
528,4,1,3,0.6111111111111112,left_240x20_fixed
529,4,1,4,0.6333333333333333,left_240x20_fixed
530,4,2,0,0.6055555555555555,left_240x20_fixed
531,4,2,1,0.6444444444444445,left_240x20_fixed
532,4,2,2,0.6555555555555556,left_240x20_fixed
533,4,2,3,0.6055555555555555,left_240x20_fixed
534,4,2,4,0.6611111111111111,left_240x20_fixed
535,4,3,0,0.6055555555555555,left_240x20_fixed
536,4,3,1,0.6333333333333333,left_240x20_fixed
537,4,3,2,0.6,left_240x20_fixed
538,4,3,3,0.6111111111111112,left_240x20_fixed
539,4,3,4,0.6444444444444445,left_240x20_fixed
540,4,4,0,0.6055555555555555,left_240x20_fixed
541,4,4,1,0.6555555555555556,left_240x20_fixed
542,4,4,2,0.65,left_240x20_fixed
543,4,4,3,0.6,left_240x20_fixed
544,4,4,4,0.6111111111111112,left_240x20_fixed
545,4,5,0,0.6111111111111112,left_240x20_fixed
546,4,5,1,0.6722222222222223,left_240x20_fixed
547,4,5,2,0.6222222222222222,left_240x20_fixed
548,4,5,3,0.6166666666666667,left_240x20_fixed
549,4,5,4,0.6388888888888888,left_240x20_fixed
550,5,1,0,0.6055555555555555,left_240x20_fixed
551,5,1,1,0.6333333333333333,left_240x20_fixed
552,5,1,2,0.6222222222222222,left_240x20_fixed
553,5,1,3,0.6111111111111112,left_240x20_fixed
554,5,1,4,0.6666666666666666,left_240x20_fixed
555,5,2,0,0.5833333333333334,left_240x20_fixed
556,5,2,1,0.6333333333333333,left_240x20_fixed
557,5,2,2,0.6222222222222222,left_240x20_fixed
558,5,2,3,0.65,left_240x20_fixed
559,5,2,4,0.6611111111111111,left_240x20_fixed
560,5,3,0,0.6055555555555555,left_240x20_fixed
561,5,3,1,0.6444444444444445,left_240x20_fixed
562,5,3,2,0.6388888888888888,left_240x20_fixed
563,5,3,3,0.6222222222222222,left_240x20_fixed
564,5,3,4,0.6555555555555556,left_240x20_fixed
565,5,4,0,0.6055555555555555,left_240x20_fixed
566,5,4,1,0.6555555555555556,left_240x20_fixed
567,5,4,2,0.6333333333333333,left_240x20_fixed
568,5,4,3,0.6222222222222222,left_240x20_fixed
569,5,4,4,0.6444444444444445,left_240x20_fixed
570,5,5,0,0.6166666666666667,left_240x20_fixed
571,5,5,1,0.6555555555555556,left_240x20_fixed
572,5,5,2,0.6444444444444445,left_240x20_fixed
573,5,5,3,0.6055555555555555,left_240x20_fixed
574,5,5,4,0.6722222222222223,left_240x20_fixed
575,6,1,0,0.5944444444444444,left_240x20_fixed
576,6,1,1,0.6444444444444445,left_240x20_fixed
577,6,1,2,0.6111111111111112,left_240x20_fixed
578,6,1,3,0.5777777777777777,left_240x20_fixed
579,6,1,4,0.6555555555555556,left_240x20_fixed
580,6,2,0,0.5833333333333334,left_240x20_fixed
581,6,2,1,0.6444444444444445,left_240x20_fixed
582,6,2,2,0.6388888888888888,left_240x20_fixed
583,6,2,3,0.6166666666666667,left_240x20_fixed
584,6,2,4,0.6666666666666666,left_240x20_fixed
585,6,3,0,0.6166666666666667,left_240x20_fixed
586,6,3,1,0.6444444444444445,left_240x20_fixed
587,6,3,2,0.65,left_240x20_fixed
588,6,3,3,0.5833333333333334,left_240x20_fixed
589,6,3,4,0.6388888888888888,left_240x20_fixed
590,6,4,0,0.6055555555555555,left_240x20_fixed
591,6,4,1,0.6444444444444445,left_240x20_fixed
592,6,4,2,0.65,left_240x20_fixed
593,6,4,3,0.6166666666666667,left_240x20_fixed
594,6,4,4,0.6555555555555556,left_240x20_fixed
595,6,5,0,0.6055555555555555,left_240x20_fixed
596,6,5,1,0.6388888888888888,left_240x20_fixed
597,6,5,2,0.6222222222222222,left_240x20_fixed
598,6,5,3,0.6444444444444445,left_240x20_fixed
599,6,5,4,0.6611111111111111,left_240x20_fixed
600,7,1,0,0.5944444444444444,left_240x20_fixed
601,7,1,1,0.6333333333333333,left_240x20_fixed
602,7,1,2,0.6333333333333333,left_240x20_fixed
603,7,1,3,0.6166666666666667,left_240x20_fixed
604,7,1,4,0.65,left_240x20_fixed
605,7,2,0,0.6055555555555555,left_240x20_fixed
606,7,2,1,0.6555555555555556,left_240x20_fixed
607,7,2,2,0.6555555555555556,left_240x20_fixed
608,7,2,3,0.6388888888888888,left_240x20_fixed
609,7,2,4,0.6222222222222222,left_240x20_fixed
610,7,3,0,0.6166666666666667,left_240x20_fixed
611,7,3,1,0.6444444444444445,left_240x20_fixed
612,7,3,2,0.6166666666666667,left_240x20_fixed
613,7,3,3,0.5888888888888889,left_240x20_fixed
614,7,3,4,0.6444444444444445,left_240x20_fixed
615,7,4,0,0.6166666666666667,left_240x20_fixed
616,7,4,1,0.6388888888888888,left_240x20_fixed
617,7,4,2,0.6388888888888888,left_240x20_fixed
618,7,4,3,0.6277777777777778,left_240x20_fixed
619,7,4,4,0.6777777777777778,left_240x20_fixed
620,7,5,0,0.6111111111111112,left_240x20_fixed
621,7,5,1,0.6333333333333333,left_240x20_fixed
622,7,5,2,0.6444444444444445,left_240x20_fixed
623,7,5,3,0.6166666666666667,left_240x20_fixed
624,7,5,4,0.6555555555555556,left_240x20_fixed
625,8,1,0,0.6,left_240x20_fixed
626,8,1,1,0.6166666666666667,left_240x20_fixed
627,8,1,2,0.6277777777777778,left_240x20_fixed
628,8,1,3,0.6111111111111112,left_240x20_fixed
629,8,1,4,0.6222222222222222,left_240x20_fixed
630,8,2,0,0.5722222222222222,left_240x20_fixed
631,8,2,1,0.6555555555555556,left_240x20_fixed
632,8,2,2,0.6166666666666667,left_240x20_fixed
633,8,2,3,0.6055555555555555,left_240x20_fixed
634,8,2,4,0.6166666666666667,left_240x20_fixed
635,8,3,0,0.5944444444444444,left_240x20_fixed
636,8,3,1,0.6388888888888888,left_240x20_fixed
637,8,3,2,0.6166666666666667,left_240x20_fixed
638,8,3,3,0.6222222222222222,left_240x20_fixed
639,8,3,4,0.65,left_240x20_fixed
640,8,4,0,0.6388888888888888,left_240x20_fixed
641,8,4,1,0.6555555555555556,left_240x20_fixed
642,8,4,2,0.6333333333333333,left_240x20_fixed
643,8,4,3,0.6166666666666667,left_240x20_fixed
644,8,4,4,0.6611111111111111,left_240x20_fixed
645,8,5,0,0.6111111111111112,left_240x20_fixed
646,8,5,1,0.6166666666666667,left_240x20_fixed
647,8,5,2,0.6277777777777778,left_240x20_fixed
648,8,5,3,0.6111111111111112,left_240x20_fixed
649,8,5,4,0.6777777777777778,left_240x20_fixed
650,9,1,0,0.6,left_240x20_fixed
651,9,1,1,0.6333333333333333,left_240x20_fixed
652,9,1,2,0.6222222222222222,left_240x20_fixed
653,9,1,3,0.6166666666666667,left_240x20_fixed
654,9,1,4,0.6277777777777778,left_240x20_fixed
655,9,2,0,0.5944444444444444,left_240x20_fixed
656,9,2,1,0.6055555555555555,left_240x20_fixed
657,9,2,2,0.6444444444444445,left_240x20_fixed
658,9,2,3,0.6333333333333333,left_240x20_fixed
659,9,2,4,0.6166666666666667,left_240x20_fixed
660,9,3,0,0.6111111111111112,left_240x20_fixed
661,9,3,1,0.6444444444444445,left_240x20_fixed
662,9,3,2,0.6222222222222222,left_240x20_fixed
663,9,3,3,0.6055555555555555,left_240x20_fixed
664,9,3,4,0.6444444444444445,left_240x20_fixed
665,9,4,0,0.6111111111111112,left_240x20_fixed
666,9,4,1,0.6611111111111111,left_240x20_fixed
667,9,4,2,0.6444444444444445,left_240x20_fixed
668,9,4,3,0.6277777777777778,left_240x20_fixed
669,9,4,4,0.6666666666666666,left_240x20_fixed
670,9,5,0,0.6111111111111112,left_240x20_fixed
671,9,5,1,0.6444444444444445,left_240x20_fixed
672,9,5,2,0.65,left_240x20_fixed
673,9,5,3,0.5888888888888889,left_240x20_fixed
674,9,5,4,0.6777777777777778,left_240x20_fixed
675,1,1,0,0.5777777777777777,left_240x40
676,1,1,1,0.6111111111111112,left_240x40
677,1,1,2,0.5944444444444444,left_240x40
678,1,1,3,0.55,left_240x40
679,1,1,4,0.5944444444444444,left_240x40
680,1,2,0,0.5777777777777777,left_240x40
681,1,2,1,0.6111111111111112,left_240x40
682,1,2,2,0.5944444444444444,left_240x40
683,1,2,3,0.55,left_240x40
684,1,2,4,0.5944444444444444,left_240x40
685,1,3,0,0.5777777777777777,left_240x40
686,1,3,1,0.6111111111111112,left_240x40
687,1,3,2,0.5944444444444444,left_240x40
688,1,3,3,0.55,left_240x40
689,1,3,4,0.5944444444444444,left_240x40
690,1,4,0,0.5777777777777777,left_240x40
691,1,4,1,0.6111111111111112,left_240x40
692,1,4,2,0.5944444444444444,left_240x40
693,1,4,3,0.55,left_240x40
694,1,4,4,0.5944444444444444,left_240x40
695,1,5,0,0.5777777777777777,left_240x40
696,1,5,1,0.6166666666666667,left_240x40
697,1,5,2,0.5944444444444444,left_240x40
698,1,5,3,0.55,left_240x40
699,1,5,4,0.6111111111111112,left_240x40
700,2,1,0,0.5833333333333334,left_240x40
701,2,1,1,0.6222222222222222,left_240x40
702,2,1,2,0.6055555555555555,left_240x40
703,2,1,3,0.6055555555555555,left_240x40
704,2,1,4,0.5944444444444444,left_240x40
705,2,2,0,0.5833333333333334,left_240x40
706,2,2,1,0.5944444444444444,left_240x40
707,2,2,2,0.6055555555555555,left_240x40
708,2,2,3,0.6111111111111112,left_240x40
709,2,2,4,0.6,left_240x40
710,2,3,0,0.6,left_240x40
711,2,3,1,0.6,left_240x40
712,2,3,2,0.6055555555555555,left_240x40
713,2,3,3,0.6111111111111112,left_240x40
714,2,3,4,0.6,left_240x40
715,2,4,0,0.5722222222222222,left_240x40
716,2,4,1,0.6222222222222222,left_240x40
717,2,4,2,0.6,left_240x40
718,2,4,3,0.6166666666666667,left_240x40
719,2,4,4,0.6166666666666667,left_240x40
720,2,5,0,0.5777777777777777,left_240x40
721,2,5,1,0.6277777777777778,left_240x40
722,2,5,2,0.6055555555555555,left_240x40
723,2,5,3,0.6111111111111112,left_240x40
724,2,5,4,0.6222222222222222,left_240x40
725,3,1,0,0.6222222222222222,left_240x40
726,3,1,1,0.6166666666666667,left_240x40
727,3,1,2,0.6166666666666667,left_240x40
728,3,1,3,0.6111111111111112,left_240x40
729,3,1,4,0.6222222222222222,left_240x40
730,3,2,0,0.6222222222222222,left_240x40
731,3,2,1,0.6277777777777778,left_240x40
732,3,2,2,0.6055555555555555,left_240x40
733,3,2,3,0.6222222222222222,left_240x40
734,3,2,4,0.5888888888888889,left_240x40
735,3,3,0,0.6388888888888888,left_240x40
736,3,3,1,0.6111111111111112,left_240x40
737,3,3,2,0.5944444444444444,left_240x40
738,3,3,3,0.6222222222222222,left_240x40
739,3,3,4,0.6111111111111112,left_240x40
740,3,4,0,0.6055555555555555,left_240x40
741,3,4,1,0.6277777777777778,left_240x40
742,3,4,2,0.6,left_240x40
743,3,4,3,0.6222222222222222,left_240x40
744,3,4,4,0.6388888888888888,left_240x40
745,3,5,0,0.6,left_240x40
746,3,5,1,0.6111111111111112,left_240x40
747,3,5,2,0.6166666666666667,left_240x40
748,3,5,3,0.6388888888888888,left_240x40
749,3,5,4,0.6222222222222222,left_240x40
750,4,1,0,0.6055555555555555,left_240x40
751,4,1,1,0.6444444444444445,left_240x40
752,4,1,2,0.6222222222222222,left_240x40
753,4,1,3,0.6111111111111112,left_240x40
754,4,1,4,0.6222222222222222,left_240x40
755,4,2,0,0.6166666666666667,left_240x40
756,4,2,1,0.6222222222222222,left_240x40
757,4,2,2,0.6277777777777778,left_240x40
758,4,2,3,0.6166666666666667,left_240x40
759,4,2,4,0.6388888888888888,left_240x40
760,4,3,0,0.6055555555555555,left_240x40
761,4,3,1,0.6277777777777778,left_240x40
762,4,3,2,0.6222222222222222,left_240x40
763,4,3,3,0.6111111111111112,left_240x40
764,4,3,4,0.6111111111111112,left_240x40
765,4,4,0,0.6166666666666667,left_240x40
766,4,4,1,0.6277777777777778,left_240x40
767,4,4,2,0.6055555555555555,left_240x40
768,4,4,3,0.6166666666666667,left_240x40
769,4,4,4,0.6055555555555555,left_240x40
770,4,5,0,0.6111111111111112,left_240x40
771,4,5,1,0.6166666666666667,left_240x40
772,4,5,2,0.6111111111111112,left_240x40
773,4,5,3,0.6222222222222222,left_240x40
774,4,5,4,0.6333333333333333,left_240x40
775,5,1,0,0.6111111111111112,left_240x40
776,5,1,1,0.6166666666666667,left_240x40
777,5,1,2,0.6166666666666667,left_240x40
778,5,1,3,0.6333333333333333,left_240x40
779,5,1,4,0.6055555555555555,left_240x40
780,5,2,0,0.5833333333333334,left_240x40
781,5,2,1,0.6222222222222222,left_240x40
782,5,2,2,0.6111111111111112,left_240x40
783,5,2,3,0.6277777777777778,left_240x40
784,5,2,4,0.6277777777777778,left_240x40
785,5,3,0,0.6166666666666667,left_240x40
786,5,3,1,0.6166666666666667,left_240x40
787,5,3,2,0.5888888888888889,left_240x40
788,5,3,3,0.6222222222222222,left_240x40
789,5,3,4,0.6611111111111111,left_240x40
790,5,4,0,0.5944444444444444,left_240x40
791,5,4,1,0.6388888888888888,left_240x40
792,5,4,2,0.5944444444444444,left_240x40
793,5,4,3,0.6444444444444445,left_240x40
794,5,4,4,0.6222222222222222,left_240x40
795,5,5,0,0.5888888888888889,left_240x40
796,5,5,1,0.6277777777777778,left_240x40
797,5,5,2,0.5944444444444444,left_240x40
798,5,5,3,0.6222222222222222,left_240x40
799,5,5,4,0.6333333333333333,left_240x40
800,6,1,0,0.6111111111111112,left_240x40
801,6,1,1,0.6222222222222222,left_240x40
802,6,1,2,0.5888888888888889,left_240x40
803,6,1,3,0.6055555555555555,left_240x40
804,6,1,4,0.6388888888888888,left_240x40
805,6,2,0,0.6333333333333333,left_240x40
806,6,2,1,0.6055555555555555,left_240x40
807,6,2,2,0.5833333333333334,left_240x40
808,6,2,3,0.6277777777777778,left_240x40
809,6,2,4,0.65,left_240x40
810,6,3,0,0.6166666666666667,left_240x40
811,6,3,1,0.6388888888888888,left_240x40
812,6,3,2,0.5833333333333334,left_240x40
813,6,3,3,0.6388888888888888,left_240x40
814,6,3,4,0.6277777777777778,left_240x40
815,6,4,0,0.6,left_240x40
816,6,4,1,0.6333333333333333,left_240x40
817,6,4,2,0.5888888888888889,left_240x40
818,6,4,3,0.6166666666666667,left_240x40
819,6,4,4,0.6444444444444445,left_240x40
820,6,5,0,0.6055555555555555,left_240x40
821,6,5,1,0.6055555555555555,left_240x40
822,6,5,2,0.5944444444444444,left_240x40
823,6,5,3,0.6166666666666667,left_240x40
824,6,5,4,0.6388888888888888,left_240x40
825,7,1,0,0.6388888888888888,left_240x40
826,7,1,1,0.6222222222222222,left_240x40
827,7,1,2,0.5888888888888889,left_240x40
828,7,1,3,0.6166666666666667,left_240x40
829,7,1,4,0.6277777777777778,left_240x40
830,7,2,0,0.6,left_240x40
831,7,2,1,0.6111111111111112,left_240x40
832,7,2,2,0.6111111111111112,left_240x40
833,7,2,3,0.5888888888888889,left_240x40
834,7,2,4,0.6388888888888888,left_240x40
835,7,3,0,0.5722222222222222,left_240x40
836,7,3,1,0.6111111111111112,left_240x40
837,7,3,2,0.5888888888888889,left_240x40
838,7,3,3,0.6166666666666667,left_240x40
839,7,3,4,0.6388888888888888,left_240x40
840,7,4,0,0.5888888888888889,left_240x40
841,7,4,1,0.6222222222222222,left_240x40
842,7,4,2,0.6055555555555555,left_240x40
843,7,4,3,0.6222222222222222,left_240x40
844,7,4,4,0.6388888888888888,left_240x40
845,7,5,0,0.6222222222222222,left_240x40
846,7,5,1,0.6277777777777778,left_240x40
847,7,5,2,0.6055555555555555,left_240x40
848,7,5,3,0.6277777777777778,left_240x40
849,7,5,4,0.6222222222222222,left_240x40
850,8,1,0,0.6055555555555555,left_240x40
851,8,1,1,0.6277777777777778,left_240x40
852,8,1,2,0.6055555555555555,left_240x40
853,8,1,3,0.6222222222222222,left_240x40
854,8,1,4,0.6611111111111111,left_240x40
855,8,2,0,0.6222222222222222,left_240x40
856,8,2,1,0.6111111111111112,left_240x40
857,8,2,2,0.6055555555555555,left_240x40
858,8,2,3,0.6055555555555555,left_240x40
859,8,2,4,0.6388888888888888,left_240x40
860,8,3,0,0.6055555555555555,left_240x40
861,8,3,1,0.6388888888888888,left_240x40
862,8,3,2,0.5777777777777777,left_240x40
863,8,3,3,0.6055555555555555,left_240x40
864,8,3,4,0.6333333333333333,left_240x40
865,8,4,0,0.5777777777777777,left_240x40
866,8,4,1,0.6333333333333333,left_240x40
867,8,4,2,0.6111111111111112,left_240x40
868,8,4,3,0.6166666666666667,left_240x40
869,8,4,4,0.6555555555555556,left_240x40
870,8,5,0,0.5944444444444444,left_240x40
871,8,5,1,0.6555555555555556,left_240x40
872,8,5,2,0.6,left_240x40
873,8,5,3,0.6,left_240x40
874,8,5,4,0.6388888888888888,left_240x40
875,9,1,0,0.6333333333333333,left_240x40
876,9,1,1,0.6222222222222222,left_240x40
877,9,1,2,0.5944444444444444,left_240x40
878,9,1,3,0.6111111111111112,left_240x40
879,9,1,4,0.6388888888888888,left_240x40
880,9,2,0,0.6111111111111112,left_240x40
881,9,2,1,0.6,left_240x40
882,9,2,2,0.5944444444444444,left_240x40
883,9,2,3,0.6111111111111112,left_240x40
884,9,2,4,0.6388888888888888,left_240x40
885,9,3,0,0.6111111111111112,left_240x40
886,9,3,1,0.6388888888888888,left_240x40
887,9,3,2,0.5722222222222222,left_240x40
888,9,3,3,0.5944444444444444,left_240x40
889,9,3,4,0.6277777777777778,left_240x40
890,9,4,0,0.5666666666666667,left_240x40
891,9,4,1,0.6277777777777778,left_240x40
892,9,4,2,0.6222222222222222,left_240x40
893,9,4,3,0.6277777777777778,left_240x40
894,9,4,4,0.6333333333333333,left_240x40
895,9,5,0,0.6111111111111112,left_240x40
896,9,5,1,0.6555555555555556,left_240x40
897,9,5,2,0.5888888888888889,left_240x40
898,9,5,3,0.6444444444444445,left_240x40
899,9,5,4,0.6055555555555555,left_240x40
900,1,1,0,0.5722222222222222,left_240x40_fixed
901,1,1,1,0.6111111111111112,left_240x40_fixed
902,1,1,2,0.6277777777777778,left_240x40_fixed
903,1,1,3,0.5833333333333334,left_240x40_fixed
904,1,1,4,0.6388888888888888,left_240x40_fixed
905,1,2,0,0.5722222222222222,left_240x40_fixed
906,1,2,1,0.6111111111111112,left_240x40_fixed
907,1,2,2,0.6277777777777778,left_240x40_fixed
908,1,2,3,0.5833333333333334,left_240x40_fixed
909,1,2,4,0.6388888888888888,left_240x40_fixed
910,1,3,0,0.5722222222222222,left_240x40_fixed
911,1,3,1,0.6111111111111112,left_240x40_fixed
912,1,3,2,0.6277777777777778,left_240x40_fixed
913,1,3,3,0.5833333333333334,left_240x40_fixed
914,1,3,4,0.6388888888888888,left_240x40_fixed
915,1,4,0,0.5722222222222222,left_240x40_fixed
916,1,4,1,0.6111111111111112,left_240x40_fixed
917,1,4,2,0.6277777777777778,left_240x40_fixed
918,1,4,3,0.5833333333333334,left_240x40_fixed
919,1,4,4,0.6388888888888888,left_240x40_fixed
920,1,5,0,0.5722222222222222,left_240x40_fixed
921,1,5,1,0.6166666666666667,left_240x40_fixed
922,1,5,2,0.6277777777777778,left_240x40_fixed
923,1,5,3,0.5833333333333334,left_240x40_fixed
924,1,5,4,0.6388888888888888,left_240x40_fixed
925,2,1,0,0.6222222222222222,left_240x40_fixed
926,2,1,1,0.6222222222222222,left_240x40_fixed
927,2,1,2,0.6444444444444445,left_240x40_fixed
928,2,1,3,0.6611111111111111,left_240x40_fixed
929,2,1,4,0.6444444444444445,left_240x40_fixed
930,2,2,0,0.6333333333333333,left_240x40_fixed
931,2,2,1,0.5777777777777777,left_240x40_fixed
932,2,2,2,0.65,left_240x40_fixed
933,2,2,3,0.5888888888888889,left_240x40_fixed
934,2,2,4,0.6333333333333333,left_240x40_fixed
935,2,3,0,0.6222222222222222,left_240x40_fixed
936,2,3,1,0.5944444444444444,left_240x40_fixed
937,2,3,2,0.6388888888888888,left_240x40_fixed
938,2,3,3,0.6555555555555556,left_240x40_fixed
939,2,3,4,0.65,left_240x40_fixed
940,2,4,0,0.6055555555555555,left_240x40_fixed
941,2,4,1,0.6555555555555556,left_240x40_fixed
942,2,4,2,0.6555555555555556,left_240x40_fixed
943,2,4,3,0.6166666666666667,left_240x40_fixed
944,2,4,4,0.6111111111111112,left_240x40_fixed
945,2,5,0,0.6222222222222222,left_240x40_fixed
946,2,5,1,0.6666666666666666,left_240x40_fixed
947,2,5,2,0.6388888888888888,left_240x40_fixed
948,2,5,3,0.6055555555555555,left_240x40_fixed
949,2,5,4,0.6222222222222222,left_240x40_fixed
950,3,1,0,0.5833333333333334,left_240x40_fixed
951,3,1,1,0.6555555555555556,left_240x40_fixed
952,3,1,2,0.6388888888888888,left_240x40_fixed
953,3,1,3,0.6222222222222222,left_240x40_fixed
954,3,1,4,0.6444444444444445,left_240x40_fixed
955,3,2,0,0.5555555555555556,left_240x40_fixed
956,3,2,1,0.6611111111111111,left_240x40_fixed
957,3,2,2,0.6722222222222223,left_240x40_fixed
958,3,2,3,0.6055555555555555,left_240x40_fixed
959,3,2,4,0.65,left_240x40_fixed
960,3,3,0,0.6,left_240x40_fixed
961,3,3,1,0.6111111111111112,left_240x40_fixed
962,3,3,2,0.6277777777777778,left_240x40_fixed
963,3,3,3,0.6388888888888888,left_240x40_fixed
964,3,3,4,0.6277777777777778,left_240x40_fixed
965,3,4,0,0.6,left_240x40_fixed
966,3,4,1,0.6388888888888888,left_240x40_fixed
967,3,4,2,0.6722222222222223,left_240x40_fixed
968,3,4,3,0.6166666666666667,left_240x40_fixed
969,3,4,4,0.6388888888888888,left_240x40_fixed
970,3,5,0,0.5666666666666667,left_240x40_fixed
971,3,5,1,0.6222222222222222,left_240x40_fixed
972,3,5,2,0.6333333333333333,left_240x40_fixed
973,3,5,3,0.6277777777777778,left_240x40_fixed
974,3,5,4,0.6166666666666667,left_240x40_fixed
975,4,1,0,0.5722222222222222,left_240x40_fixed
976,4,1,1,0.6222222222222222,left_240x40_fixed
977,4,1,2,0.6333333333333333,left_240x40_fixed
978,4,1,3,0.6611111111111111,left_240x40_fixed
979,4,1,4,0.6333333333333333,left_240x40_fixed
980,4,2,0,0.6111111111111112,left_240x40_fixed
981,4,2,1,0.6388888888888888,left_240x40_fixed
982,4,2,2,0.6777777777777778,left_240x40_fixed
983,4,2,3,0.6277777777777778,left_240x40_fixed
984,4,2,4,0.6333333333333333,left_240x40_fixed
985,4,3,0,0.5833333333333334,left_240x40_fixed
986,4,3,1,0.6055555555555555,left_240x40_fixed
987,4,3,2,0.6277777777777778,left_240x40_fixed
988,4,3,3,0.6166666666666667,left_240x40_fixed
989,4,3,4,0.6611111111111111,left_240x40_fixed
990,4,4,0,0.5888888888888889,left_240x40_fixed
991,4,4,1,0.6277777777777778,left_240x40_fixed
992,4,4,2,0.6055555555555555,left_240x40_fixed
993,4,4,3,0.6333333333333333,left_240x40_fixed
994,4,4,4,0.6388888888888888,left_240x40_fixed
995,4,5,0,0.6111111111111112,left_240x40_fixed
996,4,5,1,0.6666666666666666,left_240x40_fixed
997,4,5,2,0.6333333333333333,left_240x40_fixed
998,4,5,3,0.6277777777777778,left_240x40_fixed
999,4,5,4,0.5444444444444444,left_240x40_fixed
1000,5,1,0,0.5888888888888889,left_240x40_fixed
1001,5,1,1,0.6833333333333333,left_240x40_fixed
1002,5,1,2,0.6388888888888888,left_240x40_fixed
1003,5,1,3,0.6333333333333333,left_240x40_fixed
1004,5,1,4,0.6333333333333333,left_240x40_fixed
1005,5,2,0,0.5611111111111111,left_240x40_fixed
1006,5,2,1,0.6388888888888888,left_240x40_fixed
1007,5,2,2,0.65,left_240x40_fixed
1008,5,2,3,0.6444444444444445,left_240x40_fixed
1009,5,2,4,0.6055555555555555,left_240x40_fixed
1010,5,3,0,0.5666666666666667,left_240x40_fixed
1011,5,3,1,0.6222222222222222,left_240x40_fixed
1012,5,3,2,0.6222222222222222,left_240x40_fixed
1013,5,3,3,0.6277777777777778,left_240x40_fixed
1014,5,3,4,0.6777777777777778,left_240x40_fixed
1015,5,4,0,0.5888888888888889,left_240x40_fixed
1016,5,4,1,0.6277777777777778,left_240x40_fixed
1017,5,4,2,0.6444444444444445,left_240x40_fixed
1018,5,4,3,0.6222222222222222,left_240x40_fixed
1019,5,4,4,0.6277777777777778,left_240x40_fixed
1020,5,5,0,0.6444444444444445,left_240x40_fixed
1021,5,5,1,0.6111111111111112,left_240x40_fixed
1022,5,5,2,0.6555555555555556,left_240x40_fixed
1023,5,5,3,0.6111111111111112,left_240x40_fixed
1024,5,5,4,0.6611111111111111,left_240x40_fixed
1025,6,1,0,0.5722222222222222,left_240x40_fixed
1026,6,1,1,0.6555555555555556,left_240x40_fixed
1027,6,1,2,0.6277777777777778,left_240x40_fixed
1028,6,1,3,0.6222222222222222,left_240x40_fixed
1029,6,1,4,0.6333333333333333,left_240x40_fixed
1030,6,2,0,0.5555555555555556,left_240x40_fixed
1031,6,2,1,0.6277777777777778,left_240x40_fixed
1032,6,2,2,0.6111111111111112,left_240x40_fixed
1033,6,2,3,0.6444444444444445,left_240x40_fixed
1034,6,2,4,0.6277777777777778,left_240x40_fixed
1035,6,3,0,0.5833333333333334,left_240x40_fixed
1036,6,3,1,0.6222222222222222,left_240x40_fixed
1037,6,3,2,0.6111111111111112,left_240x40_fixed
1038,6,3,3,0.6222222222222222,left_240x40_fixed
1039,6,3,4,0.6,left_240x40_fixed
1040,6,4,0,0.5611111111111111,left_240x40_fixed
1041,6,4,1,0.6277777777777778,left_240x40_fixed
1042,6,4,2,0.6388888888888888,left_240x40_fixed
1043,6,4,3,0.6611111111111111,left_240x40_fixed
1044,6,4,4,0.6166666666666667,left_240x40_fixed
1045,6,5,0,0.6166666666666667,left_240x40_fixed
1046,6,5,1,0.6222222222222222,left_240x40_fixed
1047,6,5,2,0.6055555555555555,left_240x40_fixed
1048,6,5,3,0.6333333333333333,left_240x40_fixed
1049,6,5,4,0.6333333333333333,left_240x40_fixed
1050,7,1,0,0.6,left_240x40_fixed
1051,7,1,1,0.6833333333333333,left_240x40_fixed
1052,7,1,2,0.6722222222222223,left_240x40_fixed
1053,7,1,3,0.6333333333333333,left_240x40_fixed
1054,7,1,4,0.6833333333333333,left_240x40_fixed
1055,7,2,0,0.6055555555555555,left_240x40_fixed
1056,7,2,1,0.6166666666666667,left_240x40_fixed
1057,7,2,2,0.6333333333333333,left_240x40_fixed
1058,7,2,3,0.5944444444444444,left_240x40_fixed
1059,7,2,4,0.6444444444444445,left_240x40_fixed
1060,7,3,0,0.6,left_240x40_fixed
1061,7,3,1,0.65,left_240x40_fixed
1062,7,3,2,0.6277777777777778,left_240x40_fixed
1063,7,3,3,0.6444444444444445,left_240x40_fixed
1064,7,3,4,0.6333333333333333,left_240x40_fixed
1065,7,4,0,0.5666666666666667,left_240x40_fixed
1066,7,4,1,0.5888888888888889,left_240x40_fixed
1067,7,4,2,0.6333333333333333,left_240x40_fixed
1068,7,4,3,0.5833333333333334,left_240x40_fixed
1069,7,4,4,0.6388888888888888,left_240x40_fixed
1070,7,5,0,0.6,left_240x40_fixed
1071,7,5,1,0.6166666666666667,left_240x40_fixed
1072,7,5,2,0.6611111111111111,left_240x40_fixed
1073,7,5,3,0.6777777777777778,left_240x40_fixed
1074,7,5,4,0.6055555555555555,left_240x40_fixed
1075,8,1,0,0.5944444444444444,left_240x40_fixed
1076,8,1,1,0.6666666666666666,left_240x40_fixed
1077,8,1,2,0.6611111111111111,left_240x40_fixed
1078,8,1,3,0.6222222222222222,left_240x40_fixed
1079,8,1,4,0.6166666666666667,left_240x40_fixed
1080,8,2,0,0.6055555555555555,left_240x40_fixed
1081,8,2,1,0.6111111111111112,left_240x40_fixed
1082,8,2,2,0.6111111111111112,left_240x40_fixed
1083,8,2,3,0.5888888888888889,left_240x40_fixed
1084,8,2,4,0.6333333333333333,left_240x40_fixed
1085,8,3,0,0.6,left_240x40_fixed
1086,8,3,1,0.6333333333333333,left_240x40_fixed
1087,8,3,2,0.6722222222222223,left_240x40_fixed
1088,8,3,3,0.6722222222222223,left_240x40_fixed
1089,8,3,4,0.6277777777777778,left_240x40_fixed
1090,8,4,0,0.5833333333333334,left_240x40_fixed
1091,8,4,1,0.6444444444444445,left_240x40_fixed
1092,8,4,2,0.6166666666666667,left_240x40_fixed
1093,8,4,3,0.6555555555555556,left_240x40_fixed
1094,8,4,4,0.6277777777777778,left_240x40_fixed
1095,8,5,0,0.5777777777777777,left_240x40_fixed
1096,8,5,1,0.6388888888888888,left_240x40_fixed
1097,8,5,2,0.65,left_240x40_fixed
1098,8,5,3,0.6166666666666667,left_240x40_fixed
1099,8,5,4,0.6388888888888888,left_240x40_fixed
1100,9,1,0,0.55,left_240x40_fixed
1101,9,1,1,0.6333333333333333,left_240x40_fixed
1102,9,1,2,0.6777777777777778,left_240x40_fixed
1103,9,1,3,0.6222222222222222,left_240x40_fixed
1104,9,1,4,0.6888888888888889,left_240x40_fixed
1105,9,2,0,0.5666666666666667,left_240x40_fixed
1106,9,2,1,0.6388888888888888,left_240x40_fixed
1107,9,2,2,0.6388888888888888,left_240x40_fixed
1108,9,2,3,0.6222222222222222,left_240x40_fixed
1109,9,2,4,0.6444444444444445,left_240x40_fixed
1110,9,3,0,0.5666666666666667,left_240x40_fixed
1111,9,3,1,0.6444444444444445,left_240x40_fixed
1112,9,3,2,0.6555555555555556,left_240x40_fixed
1113,9,3,3,0.6555555555555556,left_240x40_fixed
1114,9,3,4,0.6444444444444445,left_240x40_fixed
1115,9,4,0,0.6055555555555555,left_240x40_fixed
1116,9,4,1,0.6166666666666667,left_240x40_fixed
1117,9,4,2,0.6388888888888888,left_240x40_fixed
1118,9,4,3,0.6,left_240x40_fixed
1119,9,4,4,0.6,left_240x40_fixed
1120,9,5,0,0.6,left_240x40_fixed
1121,9,5,1,0.6111111111111112,left_240x40_fixed
1122,9,5,2,0.6222222222222222,left_240x40_fixed
1123,9,5,3,0.6444444444444445,left_240x40_fixed
1124,9,5,4,0.6277777777777778,left_240x40_fixed
1125,1,1,0,0.8620689655172413,M41
1126,1,1,1,0.8325123152709359,M41
1127,1,1,2,0.8423645320197044,M41
1128,1,1,3,0.8226600985221675,M41
1129,1,1,4,0.7684729064039408,M41
1130,1,2,0,0.8620689655172413,M41
1131,1,2,1,0.8325123152709359,M41
1132,1,2,2,0.8423645320197044,M41
1133,1,2,3,0.8226600985221675,M41
1134,1,2,4,0.7684729064039408,M41
1135,1,3,0,0.8620689655172413,M41
1136,1,3,1,0.8325123152709359,M41
1137,1,3,2,0.8423645320197044,M41
1138,1,3,3,0.8226600985221675,M41
1139,1,3,4,0.7684729064039408,M41
1140,1,4,0,0.8620689655172413,M41
1141,1,4,1,0.8325123152709359,M41
1142,1,4,2,0.8423645320197044,M41
1143,1,4,3,0.8226600985221675,M41
1144,1,4,4,0.7684729064039408,M41
1145,1,5,0,0.8620689655172413,M41
1146,1,5,1,0.8325123152709359,M41
1147,1,5,2,0.8423645320197044,M41
1148,1,5,3,0.8226600985221675,M41
1149,1,5,4,0.7684729064039408,M41
1150,2,1,0,0.8620689655172413,M41
1151,2,1,1,0.8325123152709359,M41
1152,2,1,2,0.8423645320197044,M41
1153,2,1,3,0.8226600985221675,M41
1154,2,1,4,0.7684729064039408,M41
1155,2,2,0,0.8620689655172413,M41
1156,2,2,1,0.8325123152709359,M41
1157,2,2,2,0.8423645320197044,M41
1158,2,2,3,0.8226600985221675,M41
1159,2,2,4,0.7684729064039408,M41
1160,2,3,0,0.8620689655172413,M41
1161,2,3,1,0.8325123152709359,M41
1162,2,3,2,0.8423645320197044,M41
1163,2,3,3,0.8226600985221675,M41
1164,2,3,4,0.7684729064039408,M41
1165,2,4,0,0.8620689655172413,M41
1166,2,4,1,0.8325123152709359,M41
1167,2,4,2,0.8423645320197044,M41
1168,2,4,3,0.8226600985221675,M41
1169,2,4,4,0.7684729064039408,M41
1170,2,5,0,0.8620689655172413,M41
1171,2,5,1,0.8325123152709359,M41
1172,2,5,2,0.8423645320197044,M41
1173,2,5,3,0.8226600985221675,M41
1174,2,5,4,0.7684729064039408,M41
1175,3,1,0,0.8866995073891626,M41
1176,3,1,1,0.8817733990147784,M41
1177,3,1,2,0.9064039408866995,M41
1178,3,1,3,0.916256157635468,M41
1179,3,1,4,0.8423645320197044,M41
1180,3,2,0,0.8866995073891626,M41
1181,3,2,1,0.8817733990147784,M41
1182,3,2,2,0.9064039408866995,M41
1183,3,2,3,0.916256157635468,M41
1184,3,2,4,0.8423645320197044,M41
1185,3,3,0,0.8866995073891626,M41
1186,3,3,1,0.8817733990147784,M41
1187,3,3,2,0.9064039408866995,M41
1188,3,3,3,0.916256157635468,M41
1189,3,3,4,0.8423645320197044,M41
1190,3,4,0,0.8866995073891626,M41
1191,3,4,1,0.8817733990147784,M41
1192,3,4,2,0.9064039408866995,M41
1193,3,4,3,0.916256157635468,M41
1194,3,4,4,0.8423645320197044,M41
1195,3,5,0,0.8866995073891626,M41
1196,3,5,1,0.8817733990147784,M41
1197,3,5,2,0.9064039408866995,M41
1198,3,5,3,0.916256157635468,M41
1199,3,5,4,0.8423645320197044,M41
1200,4,1,0,0.8866995073891626,M41
1201,4,1,1,0.8817733990147784,M41
1202,4,1,2,0.9064039408866995,M41
1203,4,1,3,0.916256157635468,M41
1204,4,1,4,0.8423645320197044,M41
1205,4,2,0,0.8866995073891626,M41
1206,4,2,1,0.8817733990147784,M41
1207,4,2,2,0.9064039408866995,M41
1208,4,2,3,0.916256157635468,M41
1209,4,2,4,0.8423645320197044,M41
1210,4,3,0,0.8866995073891626,M41
1211,4,3,1,0.8817733990147784,M41
1212,4,3,2,0.9064039408866995,M41
1213,4,3,3,0.916256157635468,M41
1214,4,3,4,0.8423645320197044,M41
1215,4,4,0,0.8866995073891626,M41
1216,4,4,1,0.8817733990147784,M41
1217,4,4,2,0.9064039408866995,M41
1218,4,4,3,0.916256157635468,M41
1219,4,4,4,0.8423645320197044,M41
1220,4,5,0,0.8866995073891626,M41
1221,4,5,1,0.8817733990147784,M41
1222,4,5,2,0.9064039408866995,M41
1223,4,5,3,0.916256157635468,M41
1224,4,5,4,0.8423645320197044,M41
1225,5,1,0,0.8866995073891626,M41
1226,5,1,1,0.8866995073891626,M41
1227,5,1,2,0.9064039408866995,M41
1228,5,1,3,0.916256157635468,M41
1229,5,1,4,0.8423645320197044,M41
1230,5,2,0,0.8866995073891626,M41
1231,5,2,1,0.8866995073891626,M41
1232,5,2,2,0.9064039408866995,M41
1233,5,2,3,0.9113300492610837,M41
1234,5,2,4,0.8374384236453202,M41
1235,5,3,0,0.8817733990147784,M41
1236,5,3,1,0.8817733990147784,M41
1237,5,3,2,0.896551724137931,M41
1238,5,3,3,0.9064039408866995,M41
1239,5,3,4,0.8423645320197044,M41
1240,5,4,0,0.8866995073891626,M41
1241,5,4,1,0.8817733990147784,M41
1242,5,4,2,0.896551724137931,M41
1243,5,4,3,0.916256157635468,M41
1244,5,4,4,0.8423645320197044,M41
1245,5,5,0,0.8866995073891626,M41
1246,5,5,1,0.8817733990147784,M41
1247,5,5,2,0.9014778325123153,M41
1248,5,5,3,0.9113300492610837,M41
1249,5,5,4,0.8423645320197044,M41
1250,6,1,0,0.8866995073891626,M41
1251,6,1,1,0.8817733990147784,M41
1252,6,1,2,0.9113300492610837,M41
1253,6,1,3,0.896551724137931,M41
1254,6,1,4,0.8374384236453202,M41
1255,6,2,0,0.8817733990147784,M41
1256,6,2,1,0.8866995073891626,M41
1257,6,2,2,0.9014778325123153,M41
1258,6,2,3,0.9113300492610837,M41
1259,6,2,4,0.8275862068965517,M41
1260,6,3,0,0.8866995073891626,M41
1261,6,3,1,0.8866995073891626,M41
1262,6,3,2,0.9014778325123153,M41
1263,6,3,3,0.9113300492610837,M41
1264,6,3,4,0.8423645320197044,M41
1265,6,4,0,0.8817733990147784,M41
1266,6,4,1,0.8817733990147784,M41
1267,6,4,2,0.916256157635468,M41
1268,6,4,3,0.9113300492610837,M41
1269,6,4,4,0.8423645320197044,M41
1270,6,5,0,0.8866995073891626,M41
1271,6,5,1,0.8866995073891626,M41
1272,6,5,2,0.896551724137931,M41
1273,6,5,3,0.9113300492610837,M41
1274,6,5,4,0.8423645320197044,M41
1275,7,1,0,0.8768472906403941,M41
1276,7,1,1,0.8768472906403941,M41
1277,7,1,2,0.9064039408866995,M41
1278,7,1,3,0.9113300492610837,M41
1279,7,1,4,0.8374384236453202,M41
1280,7,2,0,0.8817733990147784,M41
1281,7,2,1,0.8817733990147784,M41
1282,7,2,2,0.9064039408866995,M41
1283,7,2,3,0.9064039408866995,M41
1284,7,2,4,0.8325123152709359,M41
1285,7,3,0,0.8866995073891626,M41
1286,7,3,1,0.8866995073891626,M41
1287,7,3,2,0.8916256157635468,M41
1288,7,3,3,0.9064039408866995,M41
1289,7,3,4,0.8325123152709359,M41
1290,7,4,0,0.8817733990147784,M41
1291,7,4,1,0.8817733990147784,M41
1292,7,4,2,0.9113300492610837,M41
1293,7,4,3,0.9113300492610837,M41
1294,7,4,4,0.8374384236453202,M41
1295,7,5,0,0.8866995073891626,M41
1296,7,5,1,0.8866995073891626,M41
1297,7,5,2,0.896551724137931,M41
1298,7,5,3,0.9113300492610837,M41
1299,7,5,4,0.8423645320197044,M41
1300,8,1,0,0.8817733990147784,M41
1301,8,1,1,0.8719211822660099,M41
1302,8,1,2,0.9014778325123153,M41
1303,8,1,3,0.9064039408866995,M41
1304,8,1,4,0.8374384236453202,M41
1305,8,2,0,0.8866995073891626,M41
1306,8,2,1,0.8817733990147784,M41
1307,8,2,2,0.9064039408866995,M41
1308,8,2,3,0.9113300492610837,M41
1309,8,2,4,0.8423645320197044,M41
1310,8,3,0,0.8866995073891626,M41
1311,8,3,1,0.8866995073891626,M41
1312,8,3,2,0.8916256157635468,M41
1313,8,3,3,0.9064039408866995,M41
1314,8,3,4,0.8325123152709359,M41
1315,8,4,0,0.8817733990147784,M41
1316,8,4,1,0.8817733990147784,M41
1317,8,4,2,0.9113300492610837,M41
1318,8,4,3,0.9113300492610837,M41
1319,8,4,4,0.8374384236453202,M41
1320,8,5,0,0.8866995073891626,M41
1321,8,5,1,0.8866995073891626,M41
1322,8,5,2,0.896551724137931,M41
1323,8,5,3,0.9113300492610837,M41
1324,8,5,4,0.8423645320197044,M41
1325,9,1,0,0.8866995073891626,M41
1326,9,1,1,0.8817733990147784,M41
1327,9,1,2,0.9014778325123153,M41
1328,9,1,3,0.9113300492610837,M41
1329,9,1,4,0.8374384236453202,M41
1330,9,2,0,0.8866995073891626,M41
1331,9,2,1,0.8817733990147784,M41
1332,9,2,2,0.9064039408866995,M41
1333,9,2,3,0.9113300492610837,M41
1334,9,2,4,0.8423645320197044,M41
1335,9,3,0,0.8866995073891626,M41
1336,9,3,1,0.8866995073891626,M41
1337,9,3,2,0.8916256157635468,M41
1338,9,3,3,0.9064039408866995,M41
1339,9,3,4,0.8325123152709359,M41
1340,9,4,0,0.8817733990147784,M41
1341,9,4,1,0.8817733990147784,M41
1342,9,4,2,0.9113300492610837,M41
1343,9,4,3,0.9113300492610837,M41
1344,9,4,4,0.8374384236453202,M41
1345,9,5,0,0.8866995073891626,M41
1346,9,5,1,0.8866995073891626,M41
1347,9,5,2,0.896551724137931,M41
1348,9,5,3,0.9113300492610837,M41
1349,9,5,4,0.8423645320197044,M41
1350,1,1,0,0.5977653631284916,right_240x20
1351,1,1,1,0.5754189944134078,right_240x20
1352,1,1,2,0.5449438202247191,right_240x20
1353,1,1,3,0.601123595505618,right_240x20
1354,1,1,4,0.6235955056179775,right_240x20
1355,1,2,0,0.5977653631284916,right_240x20
1356,1,2,1,0.5754189944134078,right_240x20
1357,1,2,2,0.5449438202247191,right_240x20
1358,1,2,3,0.601123595505618,right_240x20
1359,1,2,4,0.6235955056179775,right_240x20
1360,1,3,0,0.5977653631284916,right_240x20
1361,1,3,1,0.5754189944134078,right_240x20
1362,1,3,2,0.5449438202247191,right_240x20
1363,1,3,3,0.601123595505618,right_240x20
1364,1,3,4,0.6235955056179775,right_240x20
1365,1,4,0,0.5977653631284916,right_240x20
1366,1,4,1,0.5754189944134078,right_240x20
1367,1,4,2,0.5449438202247191,right_240x20
1368,1,4,3,0.601123595505618,right_240x20
1369,1,4,4,0.6235955056179775,right_240x20
1370,1,5,0,0.5754189944134078,right_240x20
1371,1,5,1,0.5754189944134078,right_240x20
1372,1,5,2,0.5449438202247191,right_240x20
1373,1,5,3,0.601123595505618,right_240x20
1374,1,5,4,0.6235955056179775,right_240x20
1375,2,1,0,0.6201117318435754,right_240x20
1376,2,1,1,0.6145251396648045,right_240x20
1377,2,1,2,0.5898876404494382,right_240x20
1378,2,1,3,0.5955056179775281,right_240x20
1379,2,1,4,0.6179775280898876,right_240x20
1380,2,2,0,0.6145251396648045,right_240x20
1381,2,2,1,0.5921787709497207,right_240x20
1382,2,2,2,0.6123595505617978,right_240x20
1383,2,2,3,0.5730337078651685,right_240x20
1384,2,2,4,0.6404494382022472,right_240x20
1385,2,3,0,0.5810055865921788,right_240x20
1386,2,3,1,0.6033519553072626,right_240x20
1387,2,3,2,0.5842696629213483,right_240x20
1388,2,3,3,0.5898876404494382,right_240x20
1389,2,3,4,0.5955056179775281,right_240x20
1390,2,4,0,0.5754189944134078,right_240x20
1391,2,4,1,0.5865921787709497,right_240x20
1392,2,4,2,0.5674157303370787,right_240x20
1393,2,4,3,0.6067415730337079,right_240x20
1394,2,4,4,0.6123595505617978,right_240x20
1395,2,5,0,0.5418994413407822,right_240x20
1396,2,5,1,0.5754189944134078,right_240x20
1397,2,5,2,0.5786516853932584,right_240x20
1398,2,5,3,0.5955056179775281,right_240x20
1399,2,5,4,0.6404494382022472,right_240x20
1400,3,1,0,0.5865921787709497,right_240x20
1401,3,1,1,0.5754189944134078,right_240x20
1402,3,1,2,0.5730337078651685,right_240x20
1403,3,1,3,0.6292134831460674,right_240x20
1404,3,1,4,0.6348314606741573,right_240x20
1405,3,2,0,0.6145251396648045,right_240x20
1406,3,2,1,0.5865921787709497,right_240x20
1407,3,2,2,0.5898876404494382,right_240x20
1408,3,2,3,0.5842696629213483,right_240x20
1409,3,2,4,0.6123595505617978,right_240x20
1410,3,3,0,0.5810055865921788,right_240x20
1411,3,3,1,0.553072625698324,right_240x20
1412,3,3,2,0.5674157303370787,right_240x20
1413,3,3,3,0.6067415730337079,right_240x20
1414,3,3,4,0.5842696629213483,right_240x20
1415,3,4,0,0.6312849162011173,right_240x20
1416,3,4,1,0.5251396648044693,right_240x20
1417,3,4,2,0.5842696629213483,right_240x20
1418,3,4,3,0.5786516853932584,right_240x20
1419,3,4,4,0.6235955056179775,right_240x20
1420,3,5,0,0.5754189944134078,right_240x20
1421,3,5,1,0.5698324022346368,right_240x20
1422,3,5,2,0.5842696629213483,right_240x20
1423,3,5,3,0.5842696629213483,right_240x20
1424,3,5,4,0.6179775280898876,right_240x20
1425,4,1,0,0.5586592178770949,right_240x20
1426,4,1,1,0.5921787709497207,right_240x20
1427,4,1,2,0.5280898876404494,right_240x20
1428,4,1,3,0.6067415730337079,right_240x20
1429,4,1,4,0.6235955056179775,right_240x20
1430,4,2,0,0.5754189944134078,right_240x20
1431,4,2,1,0.6256983240223464,right_240x20
1432,4,2,2,0.5617977528089888,right_240x20
1433,4,2,3,0.5449438202247191,right_240x20
1434,4,2,4,0.6179775280898876,right_240x20
1435,4,3,0,0.5642458100558659,right_240x20
1436,4,3,1,0.5698324022346368,right_240x20
1437,4,3,2,0.5617977528089888,right_240x20
1438,4,3,3,0.5674157303370787,right_240x20
1439,4,3,4,0.601123595505618,right_240x20
1440,4,4,0,0.5810055865921788,right_240x20
1441,4,4,1,0.5865921787709497,right_240x20
1442,4,4,2,0.5337078651685393,right_240x20
1443,4,4,3,0.6067415730337079,right_240x20
1444,4,4,4,0.6067415730337079,right_240x20
1445,4,5,0,0.5363128491620112,right_240x20
1446,4,5,1,0.5865921787709497,right_240x20
1447,4,5,2,0.5842696629213483,right_240x20
1448,4,5,3,0.6179775280898876,right_240x20
1449,4,5,4,0.6348314606741573,right_240x20
1450,5,1,0,0.5642458100558659,right_240x20
1451,5,1,1,0.5810055865921788,right_240x20
1452,5,1,2,0.5842696629213483,right_240x20
1453,5,1,3,0.6123595505617978,right_240x20
1454,5,1,4,0.651685393258427,right_240x20
1455,5,2,0,0.5642458100558659,right_240x20
1456,5,2,1,0.5810055865921788,right_240x20
1457,5,2,2,0.5730337078651685,right_240x20
1458,5,2,3,0.5786516853932584,right_240x20
1459,5,2,4,0.6179775280898876,right_240x20
1460,5,3,0,0.5977653631284916,right_240x20
1461,5,3,1,0.5810055865921788,right_240x20
1462,5,3,2,0.5056179775280899,right_240x20
1463,5,3,3,0.6179775280898876,right_240x20
1464,5,3,4,0.6348314606741573,right_240x20
1465,5,4,0,0.5418994413407822,right_240x20
1466,5,4,1,0.5698324022346368,right_240x20
1467,5,4,2,0.5786516853932584,right_240x20
1468,5,4,3,0.5449438202247191,right_240x20
1469,5,4,4,0.5842696629213483,right_240x20
1470,5,5,0,0.5977653631284916,right_240x20
1471,5,5,1,0.6145251396648045,right_240x20
1472,5,5,2,0.5955056179775281,right_240x20
1473,5,5,3,0.550561797752809,right_240x20
1474,5,5,4,0.6235955056179775,right_240x20
1475,6,1,0,0.5865921787709497,right_240x20
1476,6,1,1,0.5754189944134078,right_240x20
1477,6,1,2,0.5393258426966292,right_240x20
1478,6,1,3,0.5674157303370787,right_240x20
1479,6,1,4,0.6460674157303371,right_240x20
1480,6,2,0,0.5865921787709497,right_240x20
1481,6,2,1,0.5977653631284916,right_240x20
1482,6,2,2,0.5955056179775281,right_240x20
1483,6,2,3,0.6123595505617978,right_240x20
1484,6,2,4,0.6235955056179775,right_240x20
1485,6,3,0,0.5921787709497207,right_240x20
1486,6,3,1,0.5865921787709497,right_240x20
1487,6,3,2,0.5449438202247191,right_240x20
1488,6,3,3,0.5842696629213483,right_240x20
1489,6,3,4,0.6067415730337079,right_240x20
1490,6,4,0,0.5865921787709497,right_240x20
1491,6,4,1,0.5642458100558659,right_240x20
1492,6,4,2,0.550561797752809,right_240x20
1493,6,4,3,0.5955056179775281,right_240x20
1494,6,4,4,0.6067415730337079,right_240x20
1495,6,5,0,0.6256983240223464,right_240x20
1496,6,5,1,0.5921787709497207,right_240x20
1497,6,5,2,0.5730337078651685,right_240x20
1498,6,5,3,0.5617977528089888,right_240x20
1499,6,5,4,0.6123595505617978,right_240x20
1500,7,1,0,0.5698324022346368,right_240x20
1501,7,1,1,0.5586592178770949,right_240x20
1502,7,1,2,0.5674157303370787,right_240x20
1503,7,1,3,0.5842696629213483,right_240x20
1504,7,1,4,0.6292134831460674,right_240x20
1505,7,2,0,0.5642458100558659,right_240x20
1506,7,2,1,0.5754189944134078,right_240x20
1507,7,2,2,0.5786516853932584,right_240x20
1508,7,2,3,0.6292134831460674,right_240x20
1509,7,2,4,0.6067415730337079,right_240x20
1510,7,3,0,0.5921787709497207,right_240x20
1511,7,3,1,0.5810055865921788,right_240x20
1512,7,3,2,0.5561797752808989,right_240x20
1513,7,3,3,0.5842696629213483,right_240x20
1514,7,3,4,0.6067415730337079,right_240x20
1515,7,4,0,0.5642458100558659,right_240x20
1516,7,4,1,0.5977653631284916,right_240x20
1517,7,4,2,0.5842696629213483,right_240x20
1518,7,4,3,0.5898876404494382,right_240x20
1519,7,4,4,0.6460674157303371,right_240x20
1520,7,5,0,0.5865921787709497,right_240x20
1521,7,5,1,0.5977653631284916,right_240x20
1522,7,5,2,0.5168539325842697,right_240x20
1523,7,5,3,0.5955056179775281,right_240x20
1524,7,5,4,0.6348314606741573,right_240x20
1525,8,1,0,0.5810055865921788,right_240x20
1526,8,1,1,0.5586592178770949,right_240x20
1527,8,1,2,0.5449438202247191,right_240x20
1528,8,1,3,0.5730337078651685,right_240x20
1529,8,1,4,0.6348314606741573,right_240x20
1530,8,2,0,0.6256983240223464,right_240x20
1531,8,2,1,0.5921787709497207,right_240x20
1532,8,2,2,0.5112359550561798,right_240x20
1533,8,2,3,0.601123595505618,right_240x20
1534,8,2,4,0.5955056179775281,right_240x20
1535,8,3,0,0.5810055865921788,right_240x20
1536,8,3,1,0.5586592178770949,right_240x20
1537,8,3,2,0.5955056179775281,right_240x20
1538,8,3,3,0.5786516853932584,right_240x20
1539,8,3,4,0.5674157303370787,right_240x20
1540,8,4,0,0.5754189944134078,right_240x20
1541,8,4,1,0.5642458100558659,right_240x20
1542,8,4,2,0.5449438202247191,right_240x20
1543,8,4,3,0.5955056179775281,right_240x20
1544,8,4,4,0.6292134831460674,right_240x20
1545,8,5,0,0.6089385474860335,right_240x20
1546,8,5,1,0.5642458100558659,right_240x20
1547,8,5,2,0.5561797752808989,right_240x20
1548,8,5,3,0.6292134831460674,right_240x20
1549,8,5,4,0.5674157303370787,right_240x20
1550,9,1,0,0.5642458100558659,right_240x20
1551,9,1,1,0.5921787709497207,right_240x20
1552,9,1,2,0.601123595505618,right_240x20
1553,9,1,3,0.6067415730337079,right_240x20
1554,9,1,4,0.6179775280898876,right_240x20
1555,9,2,0,0.5698324022346368,right_240x20
1556,9,2,1,0.553072625698324,right_240x20
1557,9,2,2,0.5786516853932584,right_240x20
1558,9,2,3,0.6292134831460674,right_240x20
1559,9,2,4,0.6123595505617978,right_240x20
1560,9,3,0,0.5251396648044693,right_240x20
1561,9,3,1,0.553072625698324,right_240x20
1562,9,3,2,0.5393258426966292,right_240x20
1563,9,3,3,0.5786516853932584,right_240x20
1564,9,3,4,0.5898876404494382,right_240x20
1565,9,4,0,0.5698324022346368,right_240x20
1566,9,4,1,0.5810055865921788,right_240x20
1567,9,4,2,0.5617977528089888,right_240x20
1568,9,4,3,0.6292134831460674,right_240x20
1569,9,4,4,0.6404494382022472,right_240x20
1570,9,5,0,0.5810055865921788,right_240x20
1571,9,5,1,0.5586592178770949,right_240x20
1572,9,5,2,0.5898876404494382,right_240x20
1573,9,5,3,0.5898876404494382,right_240x20
1574,9,5,4,0.6123595505617978,right_240x20
1575,1,1,0,0.5977653631284916,right_240x20_fixed
1576,1,1,1,0.5754189944134078,right_240x20_fixed
1577,1,1,2,0.5730337078651685,right_240x20_fixed
1578,1,1,3,0.5898876404494382,right_240x20_fixed
1579,1,1,4,0.5786516853932584,right_240x20_fixed
1580,1,2,0,0.5977653631284916,right_240x20_fixed
1581,1,2,1,0.5754189944134078,right_240x20_fixed
1582,1,2,2,0.5730337078651685,right_240x20_fixed
1583,1,2,3,0.5898876404494382,right_240x20_fixed
1584,1,2,4,0.5786516853932584,right_240x20_fixed
1585,1,3,0,0.5977653631284916,right_240x20_fixed
1586,1,3,1,0.5754189944134078,right_240x20_fixed
1587,1,3,2,0.5730337078651685,right_240x20_fixed
1588,1,3,3,0.5898876404494382,right_240x20_fixed
1589,1,3,4,0.5786516853932584,right_240x20_fixed
1590,1,4,0,0.5977653631284916,right_240x20_fixed
1591,1,4,1,0.5754189944134078,right_240x20_fixed
1592,1,4,2,0.5730337078651685,right_240x20_fixed
1593,1,4,3,0.5898876404494382,right_240x20_fixed
1594,1,4,4,0.5786516853932584,right_240x20_fixed
1595,1,5,0,0.5977653631284916,right_240x20_fixed
1596,1,5,1,0.5754189944134078,right_240x20_fixed
1597,1,5,2,0.5730337078651685,right_240x20_fixed
1598,1,5,3,0.5898876404494382,right_240x20_fixed
1599,1,5,4,0.5786516853932584,right_240x20_fixed
1600,2,1,0,0.5754189944134078,right_240x20_fixed
1601,2,1,1,0.6089385474860335,right_240x20_fixed
1602,2,1,2,0.5955056179775281,right_240x20_fixed
1603,2,1,3,0.5955056179775281,right_240x20_fixed
1604,2,1,4,0.5955056179775281,right_240x20_fixed
1605,2,2,0,0.5865921787709497,right_240x20_fixed
1606,2,2,1,0.6033519553072626,right_240x20_fixed
1607,2,2,2,0.6179775280898876,right_240x20_fixed
1608,2,2,3,0.601123595505618,right_240x20_fixed
1609,2,2,4,0.601123595505618,right_240x20_fixed
1610,2,3,0,0.6033519553072626,right_240x20_fixed
1611,2,3,1,0.5977653631284916,right_240x20_fixed
1612,2,3,2,0.5955056179775281,right_240x20_fixed
1613,2,3,3,0.6123595505617978,right_240x20_fixed
1614,2,3,4,0.601123595505618,right_240x20_fixed
1615,2,4,0,0.5810055865921788,right_240x20_fixed
1616,2,4,1,0.6033519553072626,right_240x20_fixed
1617,2,4,2,0.5898876404494382,right_240x20_fixed
1618,2,4,3,0.6292134831460674,right_240x20_fixed
1619,2,4,4,0.6123595505617978,right_240x20_fixed
1620,2,5,0,0.5754189944134078,right_240x20_fixed
1621,2,5,1,0.5865921787709497,right_240x20_fixed
1622,2,5,2,0.6067415730337079,right_240x20_fixed
1623,2,5,3,0.6067415730337079,right_240x20_fixed
1624,2,5,4,0.6123595505617978,right_240x20_fixed
1625,3,1,0,0.553072625698324,right_240x20_fixed
1626,3,1,1,0.6201117318435754,right_240x20_fixed
1627,3,1,2,0.6123595505617978,right_240x20_fixed
1628,3,1,3,0.6123595505617978,right_240x20_fixed
1629,3,1,4,0.6123595505617978,right_240x20_fixed
1630,3,2,0,0.5754189944134078,right_240x20_fixed
1631,3,2,1,0.6201117318435754,right_240x20_fixed
1632,3,2,2,0.601123595505618,right_240x20_fixed
1633,3,2,3,0.6348314606741573,right_240x20_fixed
1634,3,2,4,0.6067415730337079,right_240x20_fixed
1635,3,3,0,0.5698324022346368,right_240x20_fixed
1636,3,3,1,0.6256983240223464,right_240x20_fixed
1637,3,3,2,0.6235955056179775,right_240x20_fixed
1638,3,3,3,0.6123595505617978,right_240x20_fixed
1639,3,3,4,0.5955056179775281,right_240x20_fixed
1640,3,4,0,0.5586592178770949,right_240x20_fixed
1641,3,4,1,0.6033519553072626,right_240x20_fixed
1642,3,4,2,0.6235955056179775,right_240x20_fixed
1643,3,4,3,0.6123595505617978,right_240x20_fixed
1644,3,4,4,0.5955056179775281,right_240x20_fixed
1645,3,5,0,0.5754189944134078,right_240x20_fixed
1646,3,5,1,0.6033519553072626,right_240x20_fixed
1647,3,5,2,0.5898876404494382,right_240x20_fixed
1648,3,5,3,0.6235955056179775,right_240x20_fixed
1649,3,5,4,0.6067415730337079,right_240x20_fixed
1650,4,1,0,0.553072625698324,right_240x20_fixed
1651,4,1,1,0.6145251396648045,right_240x20_fixed
1652,4,1,2,0.6235955056179775,right_240x20_fixed
1653,4,1,3,0.6123595505617978,right_240x20_fixed
1654,4,1,4,0.601123595505618,right_240x20_fixed
1655,4,2,0,0.5810055865921788,right_240x20_fixed
1656,4,2,1,0.6201117318435754,right_240x20_fixed
1657,4,2,2,0.6179775280898876,right_240x20_fixed
1658,4,2,3,0.5955056179775281,right_240x20_fixed
1659,4,2,4,0.6179775280898876,right_240x20_fixed
1660,4,3,0,0.5754189944134078,right_240x20_fixed
1661,4,3,1,0.6201117318435754,right_240x20_fixed
1662,4,3,2,0.6123595505617978,right_240x20_fixed
1663,4,3,3,0.6179775280898876,right_240x20_fixed
1664,4,3,4,0.6179775280898876,right_240x20_fixed
1665,4,4,0,0.5921787709497207,right_240x20_fixed
1666,4,4,1,0.6201117318435754,right_240x20_fixed
1667,4,4,2,0.6067415730337079,right_240x20_fixed
1668,4,4,3,0.6123595505617978,right_240x20_fixed
1669,4,4,4,0.6404494382022472,right_240x20_fixed
1670,4,5,0,0.5865921787709497,right_240x20_fixed
1671,4,5,1,0.6424581005586593,right_240x20_fixed
1672,4,5,2,0.5955056179775281,right_240x20_fixed
1673,4,5,3,0.6235955056179775,right_240x20_fixed
1674,4,5,4,0.6292134831460674,right_240x20_fixed
1675,5,1,0,0.5977653631284916,right_240x20_fixed
1676,5,1,1,0.5977653631284916,right_240x20_fixed
1677,5,1,2,0.6179775280898876,right_240x20_fixed
1678,5,1,3,0.6179775280898876,right_240x20_fixed
1679,5,1,4,0.6348314606741573,right_240x20_fixed
1680,5,2,0,0.5698324022346368,right_240x20_fixed
1681,5,2,1,0.6201117318435754,right_240x20_fixed
1682,5,2,2,0.6629213483146067,right_240x20_fixed
1683,5,2,3,0.5955056179775281,right_240x20_fixed
1684,5,2,4,0.6235955056179775,right_240x20_fixed
1685,5,3,0,0.5921787709497207,right_240x20_fixed
1686,5,3,1,0.6201117318435754,right_240x20_fixed
1687,5,3,2,0.6123595505617978,right_240x20_fixed
1688,5,3,3,0.6067415730337079,right_240x20_fixed
1689,5,3,4,0.6348314606741573,right_240x20_fixed
1690,5,4,0,0.5977653631284916,right_240x20_fixed
1691,5,4,1,0.6145251396648045,right_240x20_fixed
1692,5,4,2,0.6235955056179775,right_240x20_fixed
1693,5,4,3,0.6348314606741573,right_240x20_fixed
1694,5,4,4,0.6235955056179775,right_240x20_fixed
1695,5,5,0,0.5810055865921788,right_240x20_fixed
1696,5,5,1,0.6424581005586593,right_240x20_fixed
1697,5,5,2,0.5898876404494382,right_240x20_fixed
1698,5,5,3,0.6460674157303371,right_240x20_fixed
1699,5,5,4,0.6123595505617978,right_240x20_fixed
1700,6,1,0,0.5754189944134078,right_240x20_fixed
1701,6,1,1,0.6033519553072626,right_240x20_fixed
1702,6,1,2,0.6404494382022472,right_240x20_fixed
1703,6,1,3,0.6460674157303371,right_240x20_fixed
1704,6,1,4,0.6404494382022472,right_240x20_fixed
1705,6,2,0,0.5921787709497207,right_240x20_fixed
1706,6,2,1,0.6089385474860335,right_240x20_fixed
1707,6,2,2,0.6123595505617978,right_240x20_fixed
1708,6,2,3,0.5898876404494382,right_240x20_fixed
1709,6,2,4,0.6179775280898876,right_240x20_fixed
1710,6,3,0,0.5921787709497207,right_240x20_fixed
1711,6,3,1,0.6536312849162011,right_240x20_fixed
1712,6,3,2,0.6067415730337079,right_240x20_fixed
1713,6,3,3,0.6123595505617978,right_240x20_fixed
1714,6,3,4,0.6235955056179775,right_240x20_fixed
1715,6,4,0,0.6089385474860335,right_240x20_fixed
1716,6,4,1,0.6424581005586593,right_240x20_fixed
1717,6,4,2,0.5898876404494382,right_240x20_fixed
1718,6,4,3,0.651685393258427,right_240x20_fixed
1719,6,4,4,0.601123595505618,right_240x20_fixed
1720,6,5,0,0.5865921787709497,right_240x20_fixed
1721,6,5,1,0.6424581005586593,right_240x20_fixed
1722,6,5,2,0.6235955056179775,right_240x20_fixed
1723,6,5,3,0.6460674157303371,right_240x20_fixed
1724,6,5,4,0.6179775280898876,right_240x20_fixed
1725,7,1,0,0.5921787709497207,right_240x20_fixed
1726,7,1,1,0.6145251396648045,right_240x20_fixed
1727,7,1,2,0.6235955056179775,right_240x20_fixed
1728,7,1,3,0.6404494382022472,right_240x20_fixed
1729,7,1,4,0.6348314606741573,right_240x20_fixed
1730,7,2,0,0.5865921787709497,right_240x20_fixed
1731,7,2,1,0.5977653631284916,right_240x20_fixed
1732,7,2,2,0.5898876404494382,right_240x20_fixed
1733,7,2,3,0.6629213483146067,right_240x20_fixed
1734,7,2,4,0.6404494382022472,right_240x20_fixed
1735,7,3,0,0.547486033519553,right_240x20_fixed
1736,7,3,1,0.6145251396648045,right_240x20_fixed
1737,7,3,2,0.6348314606741573,right_240x20_fixed
1738,7,3,3,0.6235955056179775,right_240x20_fixed
1739,7,3,4,0.601123595505618,right_240x20_fixed
1740,7,4,0,0.5698324022346368,right_240x20_fixed
1741,7,4,1,0.6312849162011173,right_240x20_fixed
1742,7,4,2,0.6067415730337079,right_240x20_fixed
1743,7,4,3,0.6629213483146067,right_240x20_fixed
1744,7,4,4,0.601123595505618,right_240x20_fixed
1745,7,5,0,0.5977653631284916,right_240x20_fixed
1746,7,5,1,0.6424581005586593,right_240x20_fixed
1747,7,5,2,0.6235955056179775,right_240x20_fixed
1748,7,5,3,0.651685393258427,right_240x20_fixed
1749,7,5,4,0.6235955056179775,right_240x20_fixed
1750,8,1,0,0.5921787709497207,right_240x20_fixed
1751,8,1,1,0.6033519553072626,right_240x20_fixed
1752,8,1,2,0.6179775280898876,right_240x20_fixed
1753,8,1,3,0.6292134831460674,right_240x20_fixed
1754,8,1,4,0.6404494382022472,right_240x20_fixed
1755,8,2,0,0.5810055865921788,right_240x20_fixed
1756,8,2,1,0.6089385474860335,right_240x20_fixed
1757,8,2,2,0.6292134831460674,right_240x20_fixed
1758,8,2,3,0.6460674157303371,right_240x20_fixed
1759,8,2,4,0.6685393258426966,right_240x20_fixed
1760,8,3,0,0.5754189944134078,right_240x20_fixed
1761,8,3,1,0.6256983240223464,right_240x20_fixed
1762,8,3,2,0.6235955056179775,right_240x20_fixed
1763,8,3,3,0.651685393258427,right_240x20_fixed
1764,8,3,4,0.6067415730337079,right_240x20_fixed
1765,8,4,0,0.5698324022346368,right_240x20_fixed
1766,8,4,1,0.6256983240223464,right_240x20_fixed
1767,8,4,2,0.5955056179775281,right_240x20_fixed
1768,8,4,3,0.5842696629213483,right_240x20_fixed
1769,8,4,4,0.5730337078651685,right_240x20_fixed
1770,8,5,0,0.6256983240223464,right_240x20_fixed
1771,8,5,1,0.6424581005586593,right_240x20_fixed
1772,8,5,2,0.6292134831460674,right_240x20_fixed
1773,8,5,3,0.6179775280898876,right_240x20_fixed
1774,8,5,4,0.6179775280898876,right_240x20_fixed
1775,9,1,0,0.5810055865921788,right_240x20_fixed
1776,9,1,1,0.6256983240223464,right_240x20_fixed
1777,9,1,2,0.6292134831460674,right_240x20_fixed
1778,9,1,3,0.6404494382022472,right_240x20_fixed
1779,9,1,4,0.6123595505617978,right_240x20_fixed
1780,9,2,0,0.6033519553072626,right_240x20_fixed
1781,9,2,1,0.5921787709497207,right_240x20_fixed
1782,9,2,2,0.6179775280898876,right_240x20_fixed
1783,9,2,3,0.6292134831460674,right_240x20_fixed
1784,9,2,4,0.6235955056179775,right_240x20_fixed
1785,9,3,0,0.6033519553072626,right_240x20_fixed
1786,9,3,1,0.5977653631284916,right_240x20_fixed
1787,9,3,2,0.6348314606741573,right_240x20_fixed
1788,9,3,3,0.6235955056179775,right_240x20_fixed
1789,9,3,4,0.601123595505618,right_240x20_fixed
1790,9,4,0,0.5698324022346368,right_240x20_fixed
1791,9,4,1,0.6201117318435754,right_240x20_fixed
1792,9,4,2,0.6179775280898876,right_240x20_fixed
1793,9,4,3,0.6179775280898876,right_240x20_fixed
1794,9,4,4,0.6067415730337079,right_240x20_fixed
1795,9,5,0,0.6033519553072626,right_240x20_fixed
1796,9,5,1,0.6145251396648045,right_240x20_fixed
1797,9,5,2,0.6123595505617978,right_240x20_fixed
1798,9,5,3,0.6179775280898876,right_240x20_fixed
1799,9,5,4,0.5786516853932584,right_240x20_fixed
1800,1,1,0,0.6033519553072626,right_240x40
1801,1,1,1,0.5865921787709497,right_240x40
1802,1,1,2,0.5449438202247191,right_240x40
1803,1,1,3,0.5393258426966292,right_240x40
1804,1,1,4,0.5842696629213483,right_240x40
1805,1,2,0,0.6033519553072626,right_240x40
1806,1,2,1,0.5865921787709497,right_240x40
1807,1,2,2,0.5449438202247191,right_240x40
1808,1,2,3,0.5393258426966292,right_240x40
1809,1,2,4,0.5842696629213483,right_240x40
1810,1,3,0,0.6033519553072626,right_240x40
1811,1,3,1,0.5865921787709497,right_240x40
1812,1,3,2,0.5449438202247191,right_240x40
1813,1,3,3,0.5393258426966292,right_240x40
1814,1,3,4,0.5842696629213483,right_240x40
1815,1,4,0,0.6033519553072626,right_240x40
1816,1,4,1,0.5865921787709497,right_240x40
1817,1,4,2,0.5337078651685393,right_240x40
1818,1,4,3,0.5393258426966292,right_240x40
1819,1,4,4,0.5842696629213483,right_240x40
1820,1,5,0,0.6033519553072626,right_240x40
1821,1,5,1,0.5865921787709497,right_240x40
1822,1,5,2,0.5337078651685393,right_240x40
1823,1,5,3,0.5393258426966292,right_240x40
1824,1,5,4,0.5842696629213483,right_240x40
1825,2,1,0,0.5754189944134078,right_240x40
1826,2,1,1,0.5363128491620112,right_240x40
1827,2,1,2,0.5168539325842697,right_240x40
1828,2,1,3,0.5393258426966292,right_240x40
1829,2,1,4,0.5898876404494382,right_240x40
1830,2,2,0,0.5810055865921788,right_240x40
1831,2,2,1,0.5418994413407822,right_240x40
1832,2,2,2,0.5168539325842697,right_240x40
1833,2,2,3,0.5842696629213483,right_240x40
1834,2,2,4,0.6460674157303371,right_240x40
1835,2,3,0,0.6033519553072626,right_240x40
1836,2,3,1,0.5642458100558659,right_240x40
1837,2,3,2,0.5674157303370787,right_240x40
1838,2,3,3,0.5955056179775281,right_240x40
1839,2,3,4,0.6123595505617978,right_240x40
1840,2,4,0,0.5586592178770949,right_240x40
1841,2,4,1,0.5754189944134078,right_240x40
1842,2,4,2,0.5393258426966292,right_240x40
1843,2,4,3,0.550561797752809,right_240x40
1844,2,4,4,0.5674157303370787,right_240x40
1845,2,5,0,0.5698324022346368,right_240x40
1846,2,5,1,0.5642458100558659,right_240x40
1847,2,5,2,0.5786516853932584,right_240x40
1848,2,5,3,0.5393258426966292,right_240x40
1849,2,5,4,0.6123595505617978,right_240x40
1850,3,1,0,0.5586592178770949,right_240x40
1851,3,1,1,0.5698324022346368,right_240x40
1852,3,1,2,0.5730337078651685,right_240x40
1853,3,1,3,0.5955056179775281,right_240x40
1854,3,1,4,0.6292134831460674,right_240x40
1855,3,2,0,0.5977653631284916,right_240x40
1856,3,2,1,0.5810055865921788,right_240x40
1857,3,2,2,0.5786516853932584,right_240x40
1858,3,2,3,0.6235955056179775,right_240x40
1859,3,2,4,0.6123595505617978,right_240x40
1860,3,3,0,0.5586592178770949,right_240x40
1861,3,3,1,0.5698324022346368,right_240x40
1862,3,3,2,0.5561797752808989,right_240x40
1863,3,3,3,0.5674157303370787,right_240x40
1864,3,3,4,0.6348314606741573,right_240x40
1865,3,4,0,0.5810055865921788,right_240x40
1866,3,4,1,0.5642458100558659,right_240x40
1867,3,4,2,0.550561797752809,right_240x40
1868,3,4,3,0.5786516853932584,right_240x40
1869,3,4,4,0.6235955056179775,right_240x40
1870,3,5,0,0.5810055865921788,right_240x40
1871,3,5,1,0.5977653631284916,right_240x40
1872,3,5,2,0.5842696629213483,right_240x40
1873,3,5,3,0.6123595505617978,right_240x40
1874,3,5,4,0.6123595505617978,right_240x40
1875,4,1,0,0.5418994413407822,right_240x40
1876,4,1,1,0.5754189944134078,right_240x40
1877,4,1,2,0.5561797752808989,right_240x40
1878,4,1,3,0.6235955056179775,right_240x40
1879,4,1,4,0.6179775280898876,right_240x40
1880,4,2,0,0.5921787709497207,right_240x40
1881,4,2,1,0.6256983240223464,right_240x40
1882,4,2,2,0.5561797752808989,right_240x40
1883,4,2,3,0.5842696629213483,right_240x40
1884,4,2,4,0.6123595505617978,right_240x40
1885,4,3,0,0.5698324022346368,right_240x40
1886,4,3,1,0.5139664804469274,right_240x40
1887,4,3,2,0.5617977528089888,right_240x40
1888,4,3,3,0.6123595505617978,right_240x40
1889,4,3,4,0.6348314606741573,right_240x40
1890,4,4,0,0.5307262569832403,right_240x40
1891,4,4,1,0.5586592178770949,right_240x40
1892,4,4,2,0.5617977528089888,right_240x40
1893,4,4,3,0.6348314606741573,right_240x40
1894,4,4,4,0.5842696629213483,right_240x40
1895,4,5,0,0.553072625698324,right_240x40
1896,4,5,1,0.5810055865921788,right_240x40
1897,4,5,2,0.550561797752809,right_240x40
1898,4,5,3,0.5898876404494382,right_240x40
1899,4,5,4,0.6067415730337079,right_240x40
1900,5,1,0,0.5642458100558659,right_240x40
1901,5,1,1,0.5418994413407822,right_240x40
1902,5,1,2,0.5449438202247191,right_240x40
1903,5,1,3,0.5842696629213483,right_240x40
1904,5,1,4,0.6123595505617978,right_240x40
1905,5,2,0,0.6201117318435754,right_240x40
1906,5,2,1,0.5977653631284916,right_240x40
1907,5,2,2,0.5617977528089888,right_240x40
1908,5,2,3,0.6292134831460674,right_240x40
1909,5,2,4,0.5674157303370787,right_240x40
1910,5,3,0,0.5586592178770949,right_240x40
1911,5,3,1,0.5642458100558659,right_240x40
1912,5,3,2,0.5561797752808989,right_240x40
1913,5,3,3,0.651685393258427,right_240x40
1914,5,3,4,0.6123595505617978,right_240x40
1915,5,4,0,0.5865921787709497,right_240x40
1916,5,4,1,0.5307262569832403,right_240x40
1917,5,4,2,0.5449438202247191,right_240x40
1918,5,4,3,0.6179775280898876,right_240x40
1919,5,4,4,0.5561797752808989,right_240x40
1920,5,5,0,0.5865921787709497,right_240x40
1921,5,5,1,0.5586592178770949,right_240x40
1922,5,5,2,0.550561797752809,right_240x40
1923,5,5,3,0.6067415730337079,right_240x40
1924,5,5,4,0.6179775280898876,right_240x40
1925,6,1,0,0.5810055865921788,right_240x40
1926,6,1,1,0.6201117318435754,right_240x40
1927,6,1,2,0.5112359550561798,right_240x40
1928,6,1,3,0.5955056179775281,right_240x40
1929,6,1,4,0.6067415730337079,right_240x40
1930,6,2,0,0.6033519553072626,right_240x40
1931,6,2,1,0.5698324022346368,right_240x40
1932,6,2,2,0.5112359550561798,right_240x40
1933,6,2,3,0.5730337078651685,right_240x40
1934,6,2,4,0.6123595505617978,right_240x40
1935,6,3,0,0.5865921787709497,right_240x40
1936,6,3,1,0.5977653631284916,right_240x40
1937,6,3,2,0.550561797752809,right_240x40
1938,6,3,3,0.5898876404494382,right_240x40
1939,6,3,4,0.601123595505618,right_240x40
1940,6,4,0,0.5418994413407822,right_240x40
1941,6,4,1,0.5642458100558659,right_240x40
1942,6,4,2,0.5561797752808989,right_240x40
1943,6,4,3,0.5955056179775281,right_240x40
1944,6,4,4,0.5898876404494382,right_240x40
1945,6,5,0,0.547486033519553,right_240x40
1946,6,5,1,0.5363128491620112,right_240x40
1947,6,5,2,0.5955056179775281,right_240x40
1948,6,5,3,0.5842696629213483,right_240x40
1949,6,5,4,0.6573033707865169,right_240x40
1950,7,1,0,0.5754189944134078,right_240x40
1951,7,1,1,0.553072625698324,right_240x40
1952,7,1,2,0.5393258426966292,right_240x40
1953,7,1,3,0.5786516853932584,right_240x40
1954,7,1,4,0.6404494382022472,right_240x40
1955,7,2,0,0.5586592178770949,right_240x40
1956,7,2,1,0.5921787709497207,right_240x40
1957,7,2,2,0.5449438202247191,right_240x40
1958,7,2,3,0.6067415730337079,right_240x40
1959,7,2,4,0.6123595505617978,right_240x40
1960,7,3,0,0.6033519553072626,right_240x40
1961,7,3,1,0.5418994413407822,right_240x40
1962,7,3,2,0.5337078651685393,right_240x40
1963,7,3,3,0.6235955056179775,right_240x40
1964,7,3,4,0.6123595505617978,right_240x40
1965,7,4,0,0.5810055865921788,right_240x40
1966,7,4,1,0.5977653631284916,right_240x40
1967,7,4,2,0.5786516853932584,right_240x40
1968,7,4,3,0.5955056179775281,right_240x40
1969,7,4,4,0.5674157303370787,right_240x40
1970,7,5,0,0.6033519553072626,right_240x40
1971,7,5,1,0.5642458100558659,right_240x40
1972,7,5,2,0.5730337078651685,right_240x40
1973,7,5,3,0.5955056179775281,right_240x40
1974,7,5,4,0.6123595505617978,right_240x40
1975,8,1,0,0.553072625698324,right_240x40
1976,8,1,1,0.5865921787709497,right_240x40
1977,8,1,2,0.550561797752809,right_240x40
1978,8,1,3,0.550561797752809,right_240x40
1979,8,1,4,0.601123595505618,right_240x40
1980,8,2,0,0.5865921787709497,right_240x40
1981,8,2,1,0.553072625698324,right_240x40
1982,8,2,2,0.5280898876404494,right_240x40
1983,8,2,3,0.6460674157303371,right_240x40
1984,8,2,4,0.5786516853932584,right_240x40
1985,8,3,0,0.553072625698324,right_240x40
1986,8,3,1,0.5586592178770949,right_240x40
1987,8,3,2,0.5955056179775281,right_240x40
1988,8,3,3,0.5842696629213483,right_240x40
1989,8,3,4,0.651685393258427,right_240x40
1990,8,4,0,0.5698324022346368,right_240x40
1991,8,4,1,0.5586592178770949,right_240x40
1992,8,4,2,0.5674157303370787,right_240x40
1993,8,4,3,0.5842696629213483,right_240x40
1994,8,4,4,0.5617977528089888,right_240x40
1995,8,5,0,0.5865921787709497,right_240x40
1996,8,5,1,0.6089385474860335,right_240x40
1997,8,5,2,0.5449438202247191,right_240x40
1998,8,5,3,0.6123595505617978,right_240x40
1999,8,5,4,0.6292134831460674,right_240x40
2000,9,1,0,0.5810055865921788,right_240x40
2001,9,1,1,0.6201117318435754,right_240x40
2002,9,1,2,0.5955056179775281,right_240x40
2003,9,1,3,0.6123595505617978,right_240x40
2004,9,1,4,0.601123595505618,right_240x40
2005,9,2,0,0.6033519553072626,right_240x40
2006,9,2,1,0.5586592178770949,right_240x40
2007,9,2,2,0.5730337078651685,right_240x40
2008,9,2,3,0.6179775280898876,right_240x40
2009,9,2,4,0.6123595505617978,right_240x40
2010,9,3,0,0.5586592178770949,right_240x40
2011,9,3,1,0.5586592178770949,right_240x40
2012,9,3,2,0.5730337078651685,right_240x40
2013,9,3,3,0.6123595505617978,right_240x40
2014,9,3,4,0.6179775280898876,right_240x40
2015,9,4,0,0.547486033519553,right_240x40
2016,9,4,1,0.5698324022346368,right_240x40
2017,9,4,2,0.5617977528089888,right_240x40
2018,9,4,3,0.651685393258427,right_240x40
2019,9,4,4,0.6404494382022472,right_240x40
2020,9,5,0,0.553072625698324,right_240x40
2021,9,5,1,0.6312849162011173,right_240x40
2022,9,5,2,0.5730337078651685,right_240x40
2023,9,5,3,0.5280898876404494,right_240x40
2024,9,5,4,0.6292134831460674,right_240x40
2025,1,1,0,0.6201117318435754,right_240x40_fixed
2026,1,1,1,0.5363128491620112,right_240x40_fixed
2027,1,1,2,0.5730337078651685,right_240x40_fixed
2028,1,1,3,0.5449438202247191,right_240x40_fixed
2029,1,1,4,0.5842696629213483,right_240x40_fixed
2030,1,2,0,0.6201117318435754,right_240x40_fixed
2031,1,2,1,0.5363128491620112,right_240x40_fixed
2032,1,2,2,0.5730337078651685,right_240x40_fixed
2033,1,2,3,0.5449438202247191,right_240x40_fixed
2034,1,2,4,0.5842696629213483,right_240x40_fixed
2035,1,3,0,0.6201117318435754,right_240x40_fixed
2036,1,3,1,0.5363128491620112,right_240x40_fixed
2037,1,3,2,0.5730337078651685,right_240x40_fixed
2038,1,3,3,0.5449438202247191,right_240x40_fixed
2039,1,3,4,0.5842696629213483,right_240x40_fixed
2040,1,4,0,0.6201117318435754,right_240x40_fixed
2041,1,4,1,0.5363128491620112,right_240x40_fixed
2042,1,4,2,0.5730337078651685,right_240x40_fixed
2043,1,4,3,0.5449438202247191,right_240x40_fixed
2044,1,4,4,0.5842696629213483,right_240x40_fixed
2045,1,5,0,0.6201117318435754,right_240x40_fixed
2046,1,5,1,0.5363128491620112,right_240x40_fixed
2047,1,5,2,0.5730337078651685,right_240x40_fixed
2048,1,5,3,0.5449438202247191,right_240x40_fixed
2049,1,5,4,0.5842696629213483,right_240x40_fixed
2050,2,1,0,0.6256983240223464,right_240x40_fixed
2051,2,1,1,0.5027932960893855,right_240x40_fixed
2052,2,1,2,0.5674157303370787,right_240x40_fixed
2053,2,1,3,0.5898876404494382,right_240x40_fixed
2054,2,1,4,0.550561797752809,right_240x40_fixed
2055,2,2,0,0.6312849162011173,right_240x40_fixed
2056,2,2,1,0.5027932960893855,right_240x40_fixed
2057,2,2,2,0.5786516853932584,right_240x40_fixed
2058,2,2,3,0.5337078651685393,right_240x40_fixed
2059,2,2,4,0.5786516853932584,right_240x40_fixed
2060,2,3,0,0.6368715083798883,right_240x40_fixed
2061,2,3,1,0.5195530726256983,right_240x40_fixed
2062,2,3,2,0.5393258426966292,right_240x40_fixed
2063,2,3,3,0.601123595505618,right_240x40_fixed
2064,2,3,4,0.5674157303370787,right_240x40_fixed
2065,2,4,0,0.6033519553072626,right_240x40_fixed
2066,2,4,1,0.5195530726256983,right_240x40_fixed
2067,2,4,2,0.5393258426966292,right_240x40_fixed
2068,2,4,3,0.5674157303370787,right_240x40_fixed
2069,2,4,4,0.5842696629213483,right_240x40_fixed
2070,2,5,0,0.6089385474860335,right_240x40_fixed
2071,2,5,1,0.49162011173184356,right_240x40_fixed
2072,2,5,2,0.5337078651685393,right_240x40_fixed
2073,2,5,3,0.6179775280898876,right_240x40_fixed
2074,2,5,4,0.5730337078651685,right_240x40_fixed
2075,3,1,0,0.6201117318435754,right_240x40_fixed
2076,3,1,1,0.5698324022346368,right_240x40_fixed
2077,3,1,2,0.5449438202247191,right_240x40_fixed
2078,3,1,3,0.6348314606741573,right_240x40_fixed
2079,3,1,4,0.601123595505618,right_240x40_fixed
2080,3,2,0,0.5698324022346368,right_240x40_fixed
2081,3,2,1,0.547486033519553,right_240x40_fixed
2082,3,2,2,0.5842696629213483,right_240x40_fixed
2083,3,2,3,0.5730337078651685,right_240x40_fixed
2084,3,2,4,0.5898876404494382,right_240x40_fixed
2085,3,3,0,0.6033519553072626,right_240x40_fixed
2086,3,3,1,0.5586592178770949,right_240x40_fixed
2087,3,3,2,0.6123595505617978,right_240x40_fixed
2088,3,3,3,0.6123595505617978,right_240x40_fixed
2089,3,3,4,0.5842696629213483,right_240x40_fixed
2090,3,4,0,0.6033519553072626,right_240x40_fixed
2091,3,4,1,0.5307262569832403,right_240x40_fixed
2092,3,4,2,0.5280898876404494,right_240x40_fixed
2093,3,4,3,0.5786516853932584,right_240x40_fixed
2094,3,4,4,0.6179775280898876,right_240x40_fixed
2095,3,5,0,0.5586592178770949,right_240x40_fixed
2096,3,5,1,0.5754189944134078,right_240x40_fixed
2097,3,5,2,0.5786516853932584,right_240x40_fixed
2098,3,5,3,0.5898876404494382,right_240x40_fixed
2099,3,5,4,0.6460674157303371,right_240x40_fixed
2100,4,1,0,0.6145251396648045,right_240x40_fixed
2101,4,1,1,0.5251396648044693,right_240x40_fixed
2102,4,1,2,0.5842696629213483,right_240x40_fixed
2103,4,1,3,0.6235955056179775,right_240x40_fixed
2104,4,1,4,0.6067415730337079,right_240x40_fixed
2105,4,2,0,0.6033519553072626,right_240x40_fixed
2106,4,2,1,0.553072625698324,right_240x40_fixed
2107,4,2,2,0.5561797752808989,right_240x40_fixed
2108,4,2,3,0.5786516853932584,right_240x40_fixed
2109,4,2,4,0.601123595505618,right_240x40_fixed
2110,4,3,0,0.5698324022346368,right_240x40_fixed
2111,4,3,1,0.5977653631284916,right_240x40_fixed
2112,4,3,2,0.5449438202247191,right_240x40_fixed
2113,4,3,3,0.5898876404494382,right_240x40_fixed
2114,4,3,4,0.6179775280898876,right_240x40_fixed
2115,4,4,0,0.5921787709497207,right_240x40_fixed
2116,4,4,1,0.5586592178770949,right_240x40_fixed
2117,4,4,2,0.5842696629213483,right_240x40_fixed
2118,4,4,3,0.5730337078651685,right_240x40_fixed
2119,4,4,4,0.5617977528089888,right_240x40_fixed
2120,4,5,0,0.5698324022346368,right_240x40_fixed
2121,4,5,1,0.5754189944134078,right_240x40_fixed
2122,4,5,2,0.550561797752809,right_240x40_fixed
2123,4,5,3,0.601123595505618,right_240x40_fixed
2124,4,5,4,0.6573033707865169,right_240x40_fixed
2125,5,1,0,0.5865921787709497,right_240x40_fixed
2126,5,1,1,0.5418994413407822,right_240x40_fixed
2127,5,1,2,0.550561797752809,right_240x40_fixed
2128,5,1,3,0.5955056179775281,right_240x40_fixed
2129,5,1,4,0.6404494382022472,right_240x40_fixed
2130,5,2,0,0.6033519553072626,right_240x40_fixed
2131,5,2,1,0.5418994413407822,right_240x40_fixed
2132,5,2,2,0.5898876404494382,right_240x40_fixed
2133,5,2,3,0.5842696629213483,right_240x40_fixed
2134,5,2,4,0.6235955056179775,right_240x40_fixed
2135,5,3,0,0.6256983240223464,right_240x40_fixed
2136,5,3,1,0.5418994413407822,right_240x40_fixed
2137,5,3,2,0.5280898876404494,right_240x40_fixed
2138,5,3,3,0.6067415730337079,right_240x40_fixed
2139,5,3,4,0.5730337078651685,right_240x40_fixed
2140,5,4,0,0.5977653631284916,right_240x40_fixed
2141,5,4,1,0.5642458100558659,right_240x40_fixed
2142,5,4,2,0.5674157303370787,right_240x40_fixed
2143,5,4,3,0.6067415730337079,right_240x40_fixed
2144,5,4,4,0.6179775280898876,right_240x40_fixed
2145,5,5,0,0.5921787709497207,right_240x40_fixed
2146,5,5,1,0.5698324022346368,right_240x40_fixed
2147,5,5,2,0.5449438202247191,right_240x40_fixed
2148,5,5,3,0.5955056179775281,right_240x40_fixed
2149,5,5,4,0.6292134831460674,right_240x40_fixed
2150,6,1,0,0.6089385474860335,right_240x40_fixed
2151,6,1,1,0.5363128491620112,right_240x40_fixed
2152,6,1,2,0.5898876404494382,right_240x40_fixed
2153,6,1,3,0.5786516853932584,right_240x40_fixed
2154,6,1,4,0.6629213483146067,right_240x40_fixed
2155,6,2,0,0.6145251396648045,right_240x40_fixed
2156,6,2,1,0.5195530726256983,right_240x40_fixed
2157,6,2,2,0.5280898876404494,right_240x40_fixed
2158,6,2,3,0.6179775280898876,right_240x40_fixed
2159,6,2,4,0.6348314606741573,right_240x40_fixed
2160,6,3,0,0.5865921787709497,right_240x40_fixed
2161,6,3,1,0.5083798882681564,right_240x40_fixed
2162,6,3,2,0.5561797752808989,right_240x40_fixed
2163,6,3,3,0.6404494382022472,right_240x40_fixed
2164,6,3,4,0.6179775280898876,right_240x40_fixed
2165,6,4,0,0.5754189944134078,right_240x40_fixed
2166,6,4,1,0.5586592178770949,right_240x40_fixed
2167,6,4,2,0.5449438202247191,right_240x40_fixed
2168,6,4,3,0.601123595505618,right_240x40_fixed
2169,6,4,4,0.6123595505617978,right_240x40_fixed
2170,6,5,0,0.6033519553072626,right_240x40_fixed
2171,6,5,1,0.553072625698324,right_240x40_fixed
2172,6,5,2,0.5730337078651685,right_240x40_fixed
2173,6,5,3,0.601123595505618,right_240x40_fixed
2174,6,5,4,0.5842696629213483,right_240x40_fixed
2175,7,1,0,0.5698324022346368,right_240x40_fixed
2176,7,1,1,0.5418994413407822,right_240x40_fixed
2177,7,1,2,0.5786516853932584,right_240x40_fixed
2178,7,1,3,0.6235955056179775,right_240x40_fixed
2179,7,1,4,0.6235955056179775,right_240x40_fixed
2180,7,2,0,0.6256983240223464,right_240x40_fixed
2181,7,2,1,0.5027932960893855,right_240x40_fixed
2182,7,2,2,0.5449438202247191,right_240x40_fixed
2183,7,2,3,0.5955056179775281,right_240x40_fixed
2184,7,2,4,0.6067415730337079,right_240x40_fixed
2185,7,3,0,0.5754189944134078,right_240x40_fixed
2186,7,3,1,0.6033519553072626,right_240x40_fixed
2187,7,3,2,0.5786516853932584,right_240x40_fixed
2188,7,3,3,0.5786516853932584,right_240x40_fixed
2189,7,3,4,0.5898876404494382,right_240x40_fixed
2190,7,4,0,0.5865921787709497,right_240x40_fixed
2191,7,4,1,0.5642458100558659,right_240x40_fixed
2192,7,4,2,0.601123595505618,right_240x40_fixed
2193,7,4,3,0.5955056179775281,right_240x40_fixed
2194,7,4,4,0.6179775280898876,right_240x40_fixed
2195,7,5,0,0.6256983240223464,right_240x40_fixed
2196,7,5,1,0.5642458100558659,right_240x40_fixed
2197,7,5,2,0.550561797752809,right_240x40_fixed
2198,7,5,3,0.5786516853932584,right_240x40_fixed
2199,7,5,4,0.5898876404494382,right_240x40_fixed
2200,8,1,0,0.5754189944134078,right_240x40_fixed
2201,8,1,1,0.5363128491620112,right_240x40_fixed
2202,8,1,2,0.5617977528089888,right_240x40_fixed
2203,8,1,3,0.5898876404494382,right_240x40_fixed
2204,8,1,4,0.6460674157303371,right_240x40_fixed
2205,8,2,0,0.5977653631284916,right_240x40_fixed
2206,8,2,1,0.547486033519553,right_240x40_fixed
2207,8,2,2,0.5842696629213483,right_240x40_fixed
2208,8,2,3,0.5842696629213483,right_240x40_fixed
2209,8,2,4,0.6292134831460674,right_240x40_fixed
2210,8,3,0,0.5698324022346368,right_240x40_fixed
2211,8,3,1,0.5810055865921788,right_240x40_fixed
2212,8,3,2,0.5730337078651685,right_240x40_fixed
2213,8,3,3,0.6292134831460674,right_240x40_fixed
2214,8,3,4,0.6067415730337079,right_240x40_fixed
2215,8,4,0,0.5642458100558659,right_240x40_fixed
2216,8,4,1,0.5810055865921788,right_240x40_fixed
2217,8,4,2,0.5786516853932584,right_240x40_fixed
2218,8,4,3,0.601123595505618,right_240x40_fixed
2219,8,4,4,0.6179775280898876,right_240x40_fixed
2220,8,5,0,0.5921787709497207,right_240x40_fixed
2221,8,5,1,0.5698324022346368,right_240x40_fixed
2222,8,5,2,0.5898876404494382,right_240x40_fixed
2223,8,5,3,0.5730337078651685,right_240x40_fixed
2224,8,5,4,0.5842696629213483,right_240x40_fixed
2225,9,1,0,0.6201117318435754,right_240x40_fixed
2226,9,1,1,0.5139664804469274,right_240x40_fixed
2227,9,1,2,0.5955056179775281,right_240x40_fixed
2228,9,1,3,0.5842696629213483,right_240x40_fixed
2229,9,1,4,0.5842696629213483,right_240x40_fixed
2230,9,2,0,0.6312849162011173,right_240x40_fixed
2231,9,2,1,0.5586592178770949,right_240x40_fixed
2232,9,2,2,0.5674157303370787,right_240x40_fixed
2233,9,2,3,0.6123595505617978,right_240x40_fixed
2234,9,2,4,0.6179775280898876,right_240x40_fixed
2235,9,3,0,0.5586592178770949,right_240x40_fixed
2236,9,3,1,0.5754189944134078,right_240x40_fixed
2237,9,3,2,0.550561797752809,right_240x40_fixed
2238,9,3,3,0.6179775280898876,right_240x40_fixed
2239,9,3,4,0.5842696629213483,right_240x40_fixed
2240,9,4,0,0.5754189944134078,right_240x40_fixed
2241,9,4,1,0.5698324022346368,right_240x40_fixed
2242,9,4,2,0.5730337078651685,right_240x40_fixed
2243,9,4,3,0.6179775280898876,right_240x40_fixed
2244,9,4,4,0.6292134831460674,right_240x40_fixed
2245,9,5,0,0.5921787709497207,right_240x40_fixed
2246,9,5,1,0.5698324022346368,right_240x40_fixed
2247,9,5,2,0.550561797752809,right_240x40_fixed
2248,9,5,3,0.5842696629213483,right_240x40_fixed
2249,9,5,4,0.601123595505618,right_240x40_fixed
